2025-12-08 13:53:03,073 [INFO] Activator:176 - 


2025-12-08 13:53:03,079 [INFO] Activator:177 - !SESSION log4j initialized
2025-12-08 13:53:13,319 [INFO] LogOutputStream:77 - [STDOUT_REDIRECT] 
2025-12-08 13:53:15,004 [INFO] ApplicationProperties:184 - Using Application install path: C:\ST\STM32CubeIDE_1.16.1\STM32CubeIDE\plugins\com.st.stm32cube.common.mx_6.15.0.202507011659
2025-12-08 13:53:15,022 [INFO] DbMcusXml:78 - Set database path to: C:\ST\STM32CubeIDE_1.16.1\STM32CubeIDE\plugins\com.st.stm32cube.common.mx_6.15.0.202507011659\\db\/mcu/
2025-12-08 13:53:15,022 [INFO] ApiDb:274 - Set plugin database path to: C:\ST\STM32CubeIDE_1.16.1\STM32CubeIDE\plugins\com.st.stm32cube.common.mx_6.15.0.202507011659\\db\/plugins/boardmanager/
2025-12-08 13:53:15,024 [WARN] ApiDb:259 - Overriding images path with different value:  => C:\ST\STM32CubeIDE_1.16.1\STM32CubeIDE\plugins\com.st.stm32cube.common.mx_6.15.0.202507011659\\db\/plugins/mcufinder/images/
2025-12-08 13:53:15,032 [INFO] ApiDb:250 - Set database path to: C:\Users\penel\.stmcufinder\plugins\mcufinder//mcu/
2025-12-08 13:53:15,034 [INFO] DbMcusAds:125 - Set database path to: C:\Users\penel\.stmcufinder\plugins\mcufinder//mcu/
2025-12-08 13:53:15,043 [INFO] CrossReferenceDbSqlite:203 - Set database path to: C:\Users\penel\.stmcufinder\plugins\mcufinder//mcu/cs/
2025-12-08 13:53:15,205 [INFO] RulesReader:64 - Compatibility file has been processed (317 Rules)
2025-12-08 13:53:15,337 [INFO] DbMcusXml:78 - Set database path to: C:\ST\STM32CubeIDE_1.16.1\STM32CubeIDE\plugins\com.st.stm32cube.common.mx_6.15.0.202507011659\\db\/mcu/
2025-12-08 13:53:15,338 [INFO] ApiDb:274 - Set plugin database path to: C:\ST\STM32CubeIDE_1.16.1\STM32CubeIDE\plugins\com.st.stm32cube.common.mx_6.15.0.202507011659\\db\/plugins/boardmanager/
2025-12-08 13:53:15,338 [INFO] ApiDb:261 - Set plugin images path to: C:\ST\STM32CubeIDE_1.16.1\STM32CubeIDE\plugins\com.st.stm32cube.common.mx_6.15.0.202507011659\\db\/plugins/mcufinder/images/
2025-12-08 13:53:15,338 [WARN] DbFile:41 - Overriding database path with different value: C:\Users\penel\.stmcufinder\plugins\mcufinder/ => C:\Users\penel\.stmcufinder\plugins\mcufinder
2025-12-08 13:53:15,338 [INFO] ApiDb:250 - Set database path to: C:\Users\penel\.stmcufinder\plugins\mcufinder//mcu/
2025-12-08 13:53:15,338 [WARN] DbFile:41 - Overriding database path with different value: C:\Users\penel\.stmcufinder\plugins\mcufinder/ => C:\Users\penel\.stmcufinder\plugins\mcufinder
2025-12-08 13:53:15,338 [INFO] DbMcusAds:125 - Set database path to: C:\Users\penel\.stmcufinder\plugins\mcufinder//mcu/
2025-12-08 13:53:15,338 [WARN] DbFile:41 - Overriding database path with different value: C:\Users\penel\.stmcufinder\plugins\mcufinder/ => C:\Users\penel\.stmcufinder\plugins\mcufinder
2025-12-08 13:53:15,339 [WARN] DbFile:41 - Overriding database path with different value: C:\Users\penel\.stmcufinder\plugins\mcufinder/ => C:\Users\penel\.stmcufinder\plugins\mcufinder
2025-12-08 13:53:15,344 [INFO] CrossReferenceDbSqlite:203 - Set database path to: C:\Users\penel\.stmcufinder\plugins\mcufinder//mcu/cs/
2025-12-08 13:53:15,428 [INFO] MainPanel:274 - HeapMemory: 268435456
2025-12-08 13:53:15,554 [INFO] DbMcusXml:78 - Set database path to: C:\ST\STM32CubeIDE_1.16.1\STM32CubeIDE\plugins\com.st.stm32cube.common.mx_6.15.0.202507011659\\db\/mcu/
2025-12-08 13:53:15,554 [INFO] ApiDb:274 - Set plugin database path to: C:\ST\STM32CubeIDE_1.16.1\STM32CubeIDE\plugins\com.st.stm32cube.common.mx_6.15.0.202507011659\\db\/plugins/boardmanager/
2025-12-08 13:53:15,554 [INFO] ApiDb:261 - Set plugin images path to: C:\ST\STM32CubeIDE_1.16.1\STM32CubeIDE\plugins\com.st.stm32cube.common.mx_6.15.0.202507011659\\db\/plugins/mcufinder/images/
2025-12-08 13:53:15,555 [WARN] DbFile:41 - Overriding database path with different value: C:\Users\penel\.stmcufinder\plugins\mcufinder/ => C:\Users\penel\.stmcufinder\plugins\mcufinder
2025-12-08 13:53:15,555 [INFO] ApiDb:250 - Set database path to: C:\Users\penel\.stmcufinder\plugins\mcufinder//mcu/
2025-12-08 13:53:15,555 [WARN] DbFile:41 - Overriding database path with different value: C:\Users\penel\.stmcufinder\plugins\mcufinder/ => C:\Users\penel\.stmcufinder\plugins\mcufinder
2025-12-08 13:53:15,555 [INFO] DbMcusAds:125 - Set database path to: C:\Users\penel\.stmcufinder\plugins\mcufinder//mcu/
2025-12-08 13:53:15,555 [WARN] DbFile:41 - Overriding database path with different value: C:\Users\penel\.stmcufinder\plugins\mcufinder/ => C:\Users\penel\.stmcufinder\plugins\mcufinder
2025-12-08 13:53:15,555 [WARN] DbFile:41 - Overriding database path with different value: C:\Users\penel\.stmcufinder\plugins\mcufinder/ => C:\Users\penel\.stmcufinder\plugins\mcufinder
2025-12-08 13:53:15,562 [INFO] CrossReferenceDbSqlite:203 - Set database path to: C:\Users\penel\.stmcufinder\plugins\mcufinder//mcu/cs/
2025-12-08 13:53:15,589 [INFO] ApplicationProperties:184 - Using Application install path: C:\ST\STM32CubeIDE_1.16.1\STM32CubeIDE\plugins\com.st.stm32cube.common.mx_6.15.0.202507011659
2025-12-08 13:53:15,591 [INFO] PluginManage:196 - Search for loadable plugins [exclusion list=, ]
2025-12-08 13:53:15,593 [INFO] PluginManage:310 - Check plugin analytics
2025-12-08 13:53:15,933 [INFO] AnalyticsPlugin:253 - Accepted Software Licenses: STM32CubeMX.6.15.0
2025-12-08 13:53:15,935 [INFO] AnalyticsPlugin:255 - Accepted CMSIS Pack Licenses: STMicroelectronics.X-CUBE-TOF1.3.4.3
2025-12-08 13:53:15,935 [INFO] AnalyticsPlugin:257 - Accepted Firmware Licenses: FW.WB.1.20.0,FW.G4.1.6.0
2025-12-08 13:53:15,945 [INFO] PluginManage:359 - Loaded plugin analytics (category:tool,tabindex:-1)
2025-12-08 13:53:15,946 [INFO] PluginManage:310 - Check plugin cadmodel
2025-12-08 13:53:15,951 [INFO] CADModel:105 - Init CAD model plugin
2025-12-08 13:53:15,952 [INFO] PluginManage:359 - Loaded plugin cadmodel (category:power,tabindex:5)
2025-12-08 13:53:15,953 [INFO] PluginManage:310 - Check plugin clock
2025-12-08 13:53:15,973 [INFO] PluginManage:359 - Loaded plugin clock (category:base,tabindex:2)
2025-12-08 13:53:15,973 [INFO] PluginManage:310 - Check plugin ddr
2025-12-08 13:53:15,977 [INFO] PluginManage:359 - Loaded plugin ddr (category:tool,tabindex:6)
2025-12-08 13:53:15,977 [INFO] PluginManage:310 - Check plugin filemanager
2025-12-08 13:53:16,200 [INFO] PluginManage:359 - Loaded plugin filemanager (category:base,tabindex:10)
2025-12-08 13:53:16,200 [INFO] PluginManage:310 - Check plugin ipmanager
2025-12-08 13:53:16,210 [INFO] PluginManage:359 - Loaded plugin ipmanager (category:base,tabindex:5)
2025-12-08 13:53:16,210 [INFO] PluginManage:310 - Check plugin lpbam
2025-12-08 13:53:16,218 [INFO] PluginManage:359 - Loaded plugin lpbam (category:base,tabindex:0)
2025-12-08 13:53:16,218 [INFO] PluginManage:310 - Check plugin memorymap
2025-12-08 13:53:16,234 [INFO] PluginManage:359 - Loaded plugin memorymap (category:base,tabindex:4)
2025-12-08 13:53:16,234 [INFO] PluginManage:310 - Check plugin pinoutandconfiguration
2025-12-08 13:53:16,242 [INFO] PluginManage:359 - Loaded plugin pinoutandconfiguration (category:base,tabindex:1)
2025-12-08 13:53:16,242 [INFO] PluginManage:310 - Check plugin pinoutconfig
2025-12-08 13:53:16,396 [WARN] SupportedApi:132 - Cannot load RTOS API schema: s4s-elt-must-match.1: The content of 'definitions' must match (annotation?, (simpleType | complexType)?, (unique | key | keyref)*)). A problem was found starting at: attribute.
2025-12-08 13:53:16,615 [INFO] PluginManage:359 - Loaded plugin pinoutconfig (category:base,tabindex:0)
2025-12-08 13:53:16,615 [INFO] PluginManage:310 - Check plugin power
2025-12-08 13:53:16,637 [INFO] PluginManage:359 - Loaded plugin power (category:power,tabindex:4)
2025-12-08 13:53:16,637 [INFO] PluginManage:310 - Check plugin projectmanager
2025-12-08 13:53:16,665 [INFO] PluginManage:359 - Loaded plugin projectmanager (category:projectmanager,tabindex:4)
2025-12-08 13:53:16,665 [INFO] PluginManage:310 - Check plugin rif
2025-12-08 13:53:16,684 [INFO] PluginManage:359 - Loaded plugin rif (category:base,tabindex:3)
2025-12-08 13:53:16,684 [INFO] PluginManage:310 - Check plugin thirdparty
2025-12-08 13:53:16,974 [WARN] IntegrityCheckThread:84 - waiting for thirdparty lock release [integrity check]
2025-12-08 13:53:16,974 [INFO] IntegrityCheckThread:86 - entering critical section [integrity check]
2025-12-08 13:53:16,976 [INFO] ThirdPartyUpdaterWithRetryManager:70 - Updater plugin not ready yet. [1/15]
2025-12-08 13:53:16,976 [INFO] PluginManage:359 - Loaded plugin thirdparty (category:base,tabindex:-1)
2025-12-08 13:53:16,976 [INFO] PluginManage:310 - Check plugin tools
2025-12-08 13:53:16,985 [INFO] PluginManage:359 - Loaded plugin tools (category:base,tabindex:7)
2025-12-08 13:53:16,985 [INFO] PluginManage:310 - Check plugin tutovideos
2025-12-08 13:53:17,315 [INFO] PluginManage:359 - Loaded plugin tutovideos (category:base,tabindex:-1)
2025-12-08 13:53:17,315 [INFO] PluginManage:310 - Check plugin updater
2025-12-08 13:53:17,348 [INFO] PluginManage:359 - Loaded plugin updater (category:base,tabindex:12)
2025-12-08 13:53:17,348 [INFO] PluginManage:310 - Check plugin userauth
2025-12-08 13:53:17,356 [INFO] UserAuth:118 - Init User Auth plugin
2025-12-08 13:53:17,357 [INFO] PluginManage:359 - Loaded plugin userauth (category:base,tabindex:14)
2025-12-08 13:53:17,358 [INFO] PluginManage:283 - PluginManage : Loaded plugins [18]
2025-12-08 13:53:17,686 [INFO] PinOutPanel:1589 - setPackage(No Configuration,No Configuration)
2025-12-08 13:53:17,792 [INFO] CADModel:165 - CPN selected for project level
2025-12-08 13:53:17,792 [INFO] CADModel:114 - Register for checkConnection events
2025-12-08 13:53:17,812 [INFO] IPUIPlugin:80 - create IPUIPlugin
2025-12-08 13:53:17,813 [INFO] PluginManager:220 - loadIPPluginJar : add adc
2025-12-08 13:53:17,817 [INFO] IPUIPlugin:80 - create IPUIPlugin
2025-12-08 13:53:17,817 [INFO] PluginManager:220 - loadIPPluginJar : add aes
2025-12-08 13:53:17,820 [INFO] IPUIPlugin:80 - create IPUIPlugin
2025-12-08 13:53:17,820 [INFO] PluginManager:220 - loadIPPluginJar : add can
2025-12-08 13:53:17,822 [INFO] IPUIPlugin:80 - create IPUIPlugin
2025-12-08 13:53:17,822 [INFO] PluginManager:220 - loadIPPluginJar : add comp
2025-12-08 13:53:17,825 [INFO] IPUIPlugin:80 - create IPUIPlugin
2025-12-08 13:53:17,825 [INFO] PluginManager:220 - loadIPPluginJar : add cryp
2025-12-08 13:53:17,829 [INFO] IPUIPlugin:80 - create IPUIPlugin
2025-12-08 13:53:17,830 [INFO] PluginManager:220 - loadIPPluginJar : add ddr_ctrl_phy
2025-12-08 13:53:17,835 [INFO] IPUIPlugin:80 - create IPUIPlugin
2025-12-08 13:53:17,835 [INFO] PluginManager:220 - loadIPPluginJar : add dfsdm
2025-12-08 13:53:17,846 [INFO] IPUIPlugin:80 - create IPUIPlugin
2025-12-08 13:53:17,847 [INFO] PluginManager:220 - loadIPPluginJar : add dma
2025-12-08 13:53:17,851 [INFO] IPUIPlugin:80 - create IPUIPlugin
2025-12-08 13:53:17,852 [INFO] PluginManager:220 - loadIPPluginJar : add dma3
2025-12-08 13:53:17,858 [INFO] IPUIPlugin:80 - create IPUIPlugin
2025-12-08 13:53:17,858 [INFO] PluginManager:220 - loadIPPluginJar : add extmemmanager
2025-12-08 13:53:17,861 [INFO] IPUIPlugin:80 - create IPUIPlugin
2025-12-08 13:53:17,861 [INFO] PluginManager:220 - loadIPPluginJar : add fatfs
2025-12-08 13:53:17,867 [INFO] IPUIPlugin:80 - create IPUIPlugin
2025-12-08 13:53:17,868 [INFO] PluginManager:220 - loadIPPluginJar : add fmc
2025-12-08 13:53:17,875 [INFO] IPUIPlugin:80 - create IPUIPlugin
2025-12-08 13:53:17,876 [INFO] PluginManager:220 - loadIPPluginJar : add freertos
2025-12-08 13:53:17,878 [INFO] IPUIPlugin:80 - create IPUIPlugin
2025-12-08 13:53:17,878 [INFO] PluginManager:220 - loadIPPluginJar : add genericplugin
2025-12-08 13:53:17,880 [INFO] IPUIPlugin:80 - create IPUIPlugin
2025-12-08 13:53:17,881 [INFO] PluginManager:220 - loadIPPluginJar : add gfxmmu
2025-12-08 13:53:17,889 [INFO] IPUIPlugin:80 - create IPUIPlugin
2025-12-08 13:53:17,889 [INFO] PluginManager:220 - loadIPPluginJar : add gic
2025-12-08 13:53:17,897 [INFO] IPUIPlugin:80 - create IPUIPlugin
2025-12-08 13:53:17,897 [INFO] PluginManager:220 - loadIPPluginJar : add gpio
2025-12-08 13:53:17,901 [INFO] IPUIPlugin:80 - create IPUIPlugin
2025-12-08 13:53:17,901 [INFO] PluginManager:220 - loadIPPluginJar : add gtzc
2025-12-08 13:53:17,904 [INFO] IPUIPlugin:80 - create IPUIPlugin
2025-12-08 13:53:17,904 [INFO] PluginManager:220 - loadIPPluginJar : add hash
2025-12-08 13:53:17,907 [INFO] IPUIPlugin:80 - create IPUIPlugin
2025-12-08 13:53:17,907 [INFO] PluginManager:220 - loadIPPluginJar : add i2c
2025-12-08 13:53:17,911 [INFO] IPUIPlugin:80 - create IPUIPlugin
2025-12-08 13:53:17,912 [INFO] PluginManager:220 - loadIPPluginJar : add i2s
2025-12-08 13:53:17,918 [INFO] IPUIPlugin:80 - create IPUIPlugin
2025-12-08 13:53:17,918 [INFO] PluginManager:220 - loadIPPluginJar : add i3c
2025-12-08 13:53:17,922 [INFO] IPUIPlugin:80 - create IPUIPlugin
2025-12-08 13:53:17,922 [INFO] PluginManager:220 - loadIPPluginJar : add ipddr
2025-12-08 13:53:17,930 [INFO] IPUIPlugin:80 - create IPUIPlugin
2025-12-08 13:53:17,930 [INFO] PluginManager:220 - loadIPPluginJar : add linkedlist
2025-12-08 13:53:17,936 [INFO] IPUIPlugin:80 - create IPUIPlugin
2025-12-08 13:53:17,936 [INFO] PluginManager:220 - loadIPPluginJar : add lorawan
2025-12-08 13:53:17,942 [INFO] IPUIPlugin:80 - create IPUIPlugin
2025-12-08 13:53:17,942 [INFO] PluginManager:220 - loadIPPluginJar : add ltdc
2025-12-08 13:53:17,952 [INFO] IPUIPlugin:80 - create IPUIPlugin
2025-12-08 13:53:17,953 [INFO] PluginManager:220 - loadIPPluginJar : add mdma
2025-12-08 13:53:17,957 [INFO] IPUIPlugin:80 - create IPUIPlugin
2025-12-08 13:53:17,957 [INFO] PluginManager:220 - loadIPPluginJar : add nvic
2025-12-08 13:53:17,960 [INFO] IPUIPlugin:80 - create IPUIPlugin
2025-12-08 13:53:17,961 [INFO] PluginManager:220 - loadIPPluginJar : add opamp
2025-12-08 13:53:17,964 [INFO] IPUIPlugin:80 - create IPUIPlugin
2025-12-08 13:53:17,964 [INFO] PluginManager:220 - loadIPPluginJar : add openamp
2025-12-08 13:53:17,968 [INFO] IPUIPlugin:80 - create IPUIPlugin
2025-12-08 13:53:17,968 [INFO] PluginManager:220 - loadIPPluginJar : add pdm2pcm
2025-12-08 13:53:17,981 [INFO] IPUIPlugin:80 - create IPUIPlugin
2025-12-08 13:53:17,990 [INFO] PluginManager:220 - loadIPPluginJar : add plateformsettings
2025-12-08 13:53:17,993 [INFO] IPUIPlugin:80 - create IPUIPlugin
2025-12-08 13:53:17,993 [INFO] PluginManager:220 - loadIPPluginJar : add quadspi
2025-12-08 13:53:17,995 [INFO] IPUIPlugin:80 - create IPUIPlugin
2025-12-08 13:53:17,996 [INFO] PluginManager:220 - loadIPPluginJar : add radio
2025-12-08 13:53:18,000 [INFO] IPUIPlugin:80 - create IPUIPlugin
2025-12-08 13:53:18,000 [INFO] PluginManager:220 - loadIPPluginJar : add resmgrutility
2025-12-08 13:53:18,006 [INFO] IPUIPlugin:80 - create IPUIPlugin
2025-12-08 13:53:18,006 [INFO] PluginManager:220 - loadIPPluginJar : add sai
2025-12-08 13:53:18,013 [INFO] IPUIPlugin:80 - create IPUIPlugin
2025-12-08 13:53:18,013 [INFO] PluginManager:220 - loadIPPluginJar : add spi
2025-12-08 13:53:18,022 [INFO] IPUIPlugin:80 - create IPUIPlugin
2025-12-08 13:53:18,022 [INFO] PluginManager:220 - loadIPPluginJar : add stm32_wpan
2025-12-08 13:53:18,024 [INFO] IPUIPlugin:80 - create IPUIPlugin
2025-12-08 13:53:18,025 [INFO] PluginManager:220 - loadIPPluginJar : add tim
2025-12-08 13:53:18,029 [INFO] IPUIPlugin:80 - create IPUIPlugin
2025-12-08 13:53:18,029 [INFO] PluginManager:220 - loadIPPluginJar : add touchsensing
2025-12-08 13:53:18,031 [INFO] IPUIPlugin:80 - create IPUIPlugin
2025-12-08 13:53:18,031 [INFO] PluginManager:220 - loadIPPluginJar : add tracer_emb
2025-12-08 13:53:18,034 [INFO] IPUIPlugin:80 - create IPUIPlugin
2025-12-08 13:53:18,034 [INFO] PluginManager:220 - loadIPPluginJar : add ts
2025-12-08 13:53:18,036 [INFO] IPUIPlugin:80 - create IPUIPlugin
2025-12-08 13:53:18,036 [INFO] PluginManager:220 - loadIPPluginJar : add tsc
2025-12-08 13:53:18,038 [INFO] IPUIPlugin:80 - create IPUIPlugin
2025-12-08 13:53:18,038 [INFO] PluginManager:220 - loadIPPluginJar : add ucpd
2025-12-08 13:53:18,042 [INFO] IPUIPlugin:80 - create IPUIPlugin
2025-12-08 13:53:18,042 [INFO] PluginManager:220 - loadIPPluginJar : add usart
2025-12-08 13:53:18,046 [INFO] IPUIPlugin:80 - create IPUIPlugin
2025-12-08 13:53:18,046 [INFO] PluginManager:220 - loadIPPluginJar : add usbx
2025-12-08 13:53:18,219 [FATAL] Updater:351 - Updater called before beeing initialized
2025-12-08 13:53:18,252 [INFO] RulesReader:64 - Compatibility file has been processed (317 Rules)
2025-12-08 13:53:18,267 [INFO] RulesReader:64 - Compatibility file has been processed (317 Rules)
2025-12-08 13:53:18,279 [INFO] CADModel:165 - CPN selected for project level
2025-12-08 13:53:18,279 [INFO] CADModel:114 - Register for checkConnection events
2025-12-08 13:53:18,279 [FATAL] Updater:351 - Updater called before beeing initialized
2025-12-08 13:53:18,279 [ERROR] CADModel:125 - Updater not yet initialized, retry later 
2025-12-08 13:53:18,511 [FATAL] Updater:351 - Updater called before beeing initialized
2025-12-08 13:53:18,513 [INFO] CADModel:165 - CPN selected for project level
2025-12-08 13:53:18,513 [INFO] CADModel:114 - Register for checkConnection events
2025-12-08 13:53:18,513 [FATAL] Updater:351 - Updater called before beeing initialized
2025-12-08 13:53:18,513 [ERROR] CADModel:125 - Updater not yet initialized, retry later 
2025-12-08 13:53:18,517 [FATAL] Updater:351 - Updater called before beeing initialized
2025-12-08 13:53:18,755 [FATAL] Updater:351 - Updater called before beeing initialized
2025-12-08 13:53:18,760 [INFO] DbMcusAds:53 - JSON generation date=Tue Nov 25 15:08:32 CET 2025 (1764079712835)
2025-12-08 13:53:18,760 [FATAL] Updater:351 - Updater called before beeing initialized
2025-12-08 13:53:18,801 [WARN] DetailPanel:346 - Failed to get advertising image, set to default
2025-12-08 13:53:18,909 [FATAL] Updater:351 - Updater called before beeing initialized
2025-12-08 13:53:18,910 [FATAL] Updater:351 - Updater called before beeing initialized
2025-12-08 13:53:18,911 [FATAL] Updater:351 - Updater called before beeing initialized
2025-12-08 13:53:18,911 [WARN] DetailPanel:346 - Failed to get advertising image, set to default
2025-12-08 13:53:18,911 [FATAL] Updater:351 - Updater called before beeing initialized
2025-12-08 13:53:18,984 [ERROR] Updater:1198 - MainUpdater not yet initialized. External WinMGr cannot be set.
2025-12-08 13:53:18,986 [INFO] Updater:1134 - Updater Version found : 6.15.0
2025-12-08 13:53:19,021 [INFO] ApplicationProperties:184 - Using Application install path: C:\ST\STM32CubeIDE_1.16.1\STM32CubeIDE\plugins\com.st.stm32cube.common.mx_6.15.0.202507011659
2025-12-08 13:53:19,976 [INFO] ThirdPartyUpdaterWithRetryManager:70 - Updater plugin not ready yet. [2/15]
2025-12-08 13:53:20,629 [ERROR] LogOutputStream:75 - [STDERR_REDIRECT] Dec 08, 2025 1:53:20 PM java.util.prefs.WindowsPreferences <init>
2025-12-08 13:53:20,633 [ERROR] LogOutputStream:75 - [STDERR_REDIRECT] WARNING: Could not open/create prefs root node Software\JavaSoft\Prefs at root 0xffffffff80000002. Windows RegCreateKeyEx(...) returned error code 5.
2025-12-08 13:53:20,634 [ERROR] LogOutputStream:75 - [STDERR_REDIRECT] 
2025-12-08 13:53:21,096 [INFO] MainUpdater:2872 - connection check result : 22
2025-12-08 13:53:21,098 [INFO] MainUpdater:289 - Updater Check For Update Now.
2025-12-08 13:53:21,098 [INFO] MicroXplorer:498 - Change Database Version : DB.6.0.150
2025-12-08 13:53:21,146 [INFO] McuFinderGlobals:63 - Set McuFinder mode to 2 (CubeIDE integrated)
2025-12-08 13:53:21,147 [INFO] UserAuth:487 - Internet connection configuration mode: 2
2025-12-08 13:53:21,160 [INFO] UserAuth:487 - Internet connection configuration mode: 2
2025-12-08 13:53:21,418 [INFO] CheckServerUpdateThread:120 - End of CheckServer Thread
2025-12-08 13:53:23,435 [WARN] PackLoader:240 - Cannot read IP mode file for STMicroelectronics.FP-SNS-MOTENVWB1.1.4.0
2025-12-08 13:53:23,469 [WARN] PackLoader:240 - Cannot read IP mode file for STMicroelectronics.FP-ATR-ASTRA1.2.0.2
2025-12-08 13:53:23,487 [WARN] PackLoader:240 - Cannot read IP mode file for STMicroelectronics.FP-ATR-ASTRA1.2.0.1
2025-12-08 13:53:23,520 [WARN] PackLoader:240 - Cannot read IP mode file for STMicroelectronics.X-CUBE-SMBUS.2.1.0
2025-12-08 13:53:23,552 [WARN] PackLoader:240 - Cannot read IP mode file for STMicroelectronics.X-CUBE-WB05N.1.1.0
2025-12-08 13:53:23,573 [WARN] PackLoader:240 - Cannot read IP mode file for STMicroelectronics.X-CUBE-ST60.1.0.0
2025-12-08 13:53:23,636 [WARN] PackLoader:240 - Cannot read IP mode file for STMicroelectronics.X-CUBE-AZRTOS-F7.1.1.0
2025-12-08 13:53:23,737 [WARN] PackLoader:240 - Cannot read IP mode file for STMicroelectronics.X-CUBE-MEMS1.11.0.0
2025-12-08 13:53:23,927 [WARN] PackLoader:240 - Cannot read IP mode file for STMicroelectronics.FP-SNS-MOTENV1.5.1.0
2025-12-08 13:53:23,961 [WARN] PackLoader:240 - Cannot read IP mode file for STMicroelectronics.FP-SNS-FLIGHT1.5.0.2
2025-12-08 13:53:24,027 [WARN] PackLoader:240 - Cannot read IP mode file for STMicroelectronics.X-CUBE-AZRTOS-H7.3.4.0
2025-12-08 13:53:24,058 [WARN] PackLoader:240 - Cannot read IP mode file for STMicroelectronics.X-CUBE-DISPLAY.3.0.0
2025-12-08 13:53:24,087 [WARN] PackLoader:240 - Cannot read IP mode file for STMicroelectronics.X-CUBE-BLE1.7.0.0
2025-12-08 13:53:24,115 [WARN] PackLoader:240 - Cannot read IP mode file for STMicroelectronics.X-CUBE-NFC10.1.0.0
2025-12-08 13:53:24,147 [WARN] PackLoader:240 - Cannot read IP mode file for STMicroelectronics.X-CUBE-BLEMGR.4.0.0
2025-12-08 13:53:24,168 [WARN] PackLoader:240 - Cannot read IP mode file for STMicroelectronics.X-CUBE-ST60.1.1.0
2025-12-08 13:53:24,189 [WARN] PackLoader:240 - Cannot read IP mode file for emotas.I-CUBE-CANOPEN.1.3.0
2025-12-08 13:53:24,208 [WARN] PackLoader:240 - Cannot read IP mode file for STMicroelectronics.X-CUBE-GNSS1.7.1.0
2025-12-08 13:53:24,228 [WARN] PackLoader:240 - Cannot read IP mode file for STMicroelectronics.X-CUBE-BLEMGR.3.1.0
2025-12-08 13:53:24,247 [WARN] PackLoader:240 - Cannot read IP mode file for STMicroelectronics.X-CUBE-AI.10.0.0
2025-12-08 13:53:24,266 [WARN] PackLoader:240 - Cannot read IP mode file for STMicroelectronics.FP-SNS-STBOX1.2.1.0
2025-12-08 13:53:24,287 [WARN] PackLoader:240 - Cannot read IP mode file for STMicroelectronics.FP-SNS-SMARTAG2.1.2.0
2025-12-08 13:53:24,305 [WARN] PackLoader:240 - Cannot read IP mode file for STMicroelectronics.FP-SNS-FLIGHT1.5.1.0
2025-12-08 13:53:24,382 [WARN] PackLoader:240 - Cannot read IP mode file for STMicroelectronics.X-CUBE-MEMS1.11.1.0
2025-12-08 13:53:24,645 [INFO] LogOutputStream:77 - [STDOUT_REDIRECT] 1 : Invalid condition id : UX_CORESTACK_Condition cause : null
2025-12-08 13:53:24,646 [INFO] LogOutputStream:77 - [STDOUT_REDIRECT] 1 : Invalid condition id : UX_CORESTACK_Condition cause : null
2025-12-08 13:53:24,648 [INFO] LogOutputStream:77 - [STDOUT_REDIRECT] 1 : Invalid condition id : UX_CORESTACK_Condition cause : null
2025-12-08 13:53:24,651 [INFO] LogOutputStream:77 - [STDOUT_REDIRECT] 1 : Invalid condition id : UX_CORESTACK_Condition cause : null
2025-12-08 13:53:24,653 [INFO] LogOutputStream:77 - [STDOUT_REDIRECT] 1 : Invalid condition id : UX_CORESTACK_Condition cause : null
2025-12-08 13:53:24,658 [WARN] PackLoader:240 - Cannot read IP mode file for STMicroelectronics.X-CUBE-AZRTOS-WL.2.0.0
2025-12-08 13:53:24,680 [WARN] PackLoader:240 - Cannot read IP mode file for STMicroelectronics.FP-SNS-MOTENV1.5.0.0
2025-12-08 13:53:24,728 [WARN] PackLoader:240 - Cannot read IP mode file for STMicroelectronics.X-CUBE-AZRTOS-H7RS.1.2.0
2025-12-08 13:53:24,748 [WARN] PackLoader:240 - Cannot read IP mode file for wolfSSL.I-CUBE-wolfMQTT.1.19.0
2025-12-08 13:53:24,769 [WARN] PackLoader:240 - Cannot read IP mode file for WES.I-CUBE-Cesium.1.3.0
2025-12-08 13:53:24,789 [WARN] PackLoader:240 - Cannot read IP mode file for STMicroelectronics.X-CUBE-BLE2.3.3.0
2025-12-08 13:53:24,856 [WARN] PackLoader:240 - Cannot read IP mode file for STMicroelectronics.X-CUBE-NFC9.1.0.0
2025-12-08 13:53:24,875 [WARN] PackLoader:240 - Cannot read IP mode file for STMicroelectronics.X-CUBE-BLE1.7.1.0
2025-12-08 13:53:24,896 [WARN] PackLoader:240 - Cannot read IP mode file for STMicroelectronics.X-CUBE-TCPP.4.1.0
2025-12-08 13:53:24,918 [WARN] PackLoader:240 - Cannot read IP mode file for STMicroelectronics.X-CUBE-FREERTOS.1.4.0
2025-12-08 13:53:24,939 [WARN] PackLoader:240 - Cannot read IP mode file for STMicroelectronics.X-CUBE-EEPRMA1.5.2.0
2025-12-08 13:53:24,962 [WARN] PackLoader:240 - Cannot read IP mode file for STMicroelectronics.X-CUBE-ST67W61.1.1.0
2025-12-08 13:53:25,034 [WARN] PackLoader:240 - Cannot read IP mode file for STMicroelectronics.X-CUBE-MEMS1.12.0.0
2025-12-08 13:53:25,161 [WARN] PackLoader:240 - Cannot read IP mode file for STMicroelectronics.X-CUBE-AZRTOS-G0.1.1.0
2025-12-08 13:53:25,188 [WARN] PackLoader:240 - Cannot read IP mode file for STMicroelectronics.X-CUBE-SAFEA1.1.2.2
2025-12-08 13:53:25,214 [WARN] PackLoader:240 - Cannot read IP mode file for STMicroelectronics.X-CUBE-NFC4.3.0.0
2025-12-08 13:53:25,238 [WARN] PackLoader:240 - Cannot read IP mode file for EmbeddedOffice.I-CUBE-FS-RTOS.1.0.1
2025-12-08 13:53:25,258 [WARN] PackLoader:240 - Cannot read IP mode file for STMicroelectronics.X-CUBE-WB05N.2.0.0
2025-12-08 13:53:25,282 [WARN] PackLoader:240 - Cannot read IP mode file for STMicroelectronics.X-CUBE-TCPP.4.2.0
2025-12-08 13:53:25,306 [WARN] PackLoader:240 - Cannot read IP mode file for RealThread.X-CUBE-RT-Thread_Nano.4.1.1
2025-12-08 13:53:25,332 [WARN] PackLoader:240 - Cannot read IP mode file for STMicroelectronics.FP-ATR-SIGFOX1.3.2.0
2025-12-08 13:53:25,352 [WARN] PackLoader:240 - Cannot read IP mode file for wolfSSL.I-CUBE-wolfSSL.5.7.2
2025-12-08 13:53:25,374 [WARN] ConditionMgr:438 - getConditionDescription Invalid condition id : Cortex-A Device cause : null
2025-12-08 13:53:25,409 [WARN] ConditionMgr:1044 - genDependencies : Invalid condition id : Cortex-A Device cause : null
2025-12-08 13:53:25,409 [WARN] ConditionMgr:1044 - genDependencies : Invalid condition id : Cortex-A Device cause : null
2025-12-08 13:53:25,409 [WARN] ConditionMgr:1044 - genDependencies : Invalid condition id : Cortex-A Device cause : null
2025-12-08 13:53:25,432 [WARN] PackLoader:240 - Cannot read IP mode file for STMicroelectronics.X-CUBE-EEPRMA1.5.1.0
2025-12-08 13:53:25,456 [WARN] PackLoader:240 - Cannot read IP mode file for ITTIA_DB.I-CUBE-ITTIADB.8.9.0
2025-12-08 13:53:25,484 [WARN] PackLoader:240 - Cannot read IP mode file for STMicroelectronics.X-CUBE-ST67W61.1.0.0
2025-12-08 13:53:25,502 [WARN] PackLoader:240 - Cannot read IP mode file for STMicroelectronics.X-CUBE-AI.10.2.0
2025-12-08 13:53:25,541 [WARN] PackLoader:240 - Cannot read IP mode file for SEGGER.I-CUBE-embOS.1.3.1
2025-12-08 13:53:25,584 [WARN] PackLoader:240 - Cannot read IP mode file for STMicroelectronics.X-CUBE-ALGOBUILD.1.4.0
2025-12-08 13:53:25,640 [WARN] PackLoader:240 - Cannot read IP mode file for STMicroelectronics.X-CUBE-MEMS1.11.3.0
2025-12-08 13:53:25,748 [WARN] PackLoader:240 - Cannot read IP mode file for STMicroelectronics.X-CUBE-AI.9.1.0
2025-12-08 13:53:25,766 [WARN] PackLoader:240 - Cannot read IP mode file for STMicroelectronics.X-CUBE-PM33A1.1.0.0
2025-12-08 13:53:25,800 [WARN] PackLoader:240 - Cannot read IP mode file for STMicroelectronics.X-CUBE-AZRTOS-F4.1.1.0
2025-12-08 13:53:25,821 [WARN] PackLoader:240 - Cannot read IP mode file for Avnet-IotConnect.X-CUBE-IoTC-DA16k-PMOD.1.0.0
2025-12-08 13:53:25,839 [WARN] PackLoader:240 - Cannot read IP mode file for STMicroelectronics.X-CUBE-ISPU.2.1.0
2025-12-08 13:53:25,867 [WARN] PackLoader:240 - Cannot read IP mode file for STMicroelectronics.X-CUBE-IPS.3.2.0
2025-12-08 13:53:25,901 [WARN] PackLoader:240 - Cannot read IP mode file for STMicroelectronics.X-CUBE-FREERTOS.1.2.0
2025-12-08 13:53:25,923 [WARN] PackLoader:240 - Cannot read IP mode file for STMicroelectronics.X-CUBE-NFC12.1.0.0
2025-12-08 13:53:25,960 [WARN] PackLoader:240 - Cannot read IP mode file for STMicroelectronics.X-CUBE-AZRTOS-L5.2.0.0
2025-12-08 13:53:25,984 [WARN] PackLoader:240 - Cannot read IP mode file for STMicroelectronics.X-CUBE-NFC6.3.1.0
2025-12-08 13:53:26,009 [WARN] PackLoader:240 - Cannot read IP mode file for STMicroelectronics.X-CUBE-DPower.1.2.0
2025-12-08 13:53:26,028 [WARN] PackLoader:240 - Cannot read IP mode file for STMicroelectronics.X-CUBE-AI.9.0.0
2025-12-08 13:53:26,053 [WARN] PackLoader:240 - Cannot read IP mode file for STMicroelectronics.X-CUBE-FREERTOS.1.3.1
2025-12-08 13:53:26,073 [WARN] PackLoader:240 - Cannot read IP mode file for STMicroelectronics.X-CUBE-FREERTOS.1.3.0
2025-12-08 13:53:26,094 [WARN] PackLoader:240 - Cannot read IP mode file for STMicroelectronics.X-CUBE-NFC7.1.0.1
2025-12-08 13:53:26,120 [WARN] PackLoader:240 - Cannot read IP mode file for STMicroelectronics.X-CUBE-TOUCHGFX.4.26.0
2025-12-08 13:53:26,140 [WARN] PackLoader:240 - Cannot read IP mode file for STMicroelectronics.FP-SNS-STAIOTCFT.1.0.0
2025-12-08 13:53:26,162 [WARN] PackLoader:240 - Cannot read IP mode file for STMicroelectronics.X-CUBE-DPower.1.3.0
2025-12-08 13:53:26,204 [WARN] ConditionMgr:438 - getConditionDescription Invalid condition id : LAN8742 Phy interface Condition cause : null
2025-12-08 13:53:26,204 [WARN] PackLoader:240 - Cannot read IP mode file for STMicroelectronics.X-CUBE-AZRTOS-L4.2.0.0
2025-12-08 13:53:26,205 [WARN] ConditionMgr:1044 - genDependencies : Invalid condition id : LAN8742 Phy interface Condition cause : null
2025-12-08 13:53:26,206 [WARN] ConditionMgr:1044 - genDependencies : Invalid condition id : LAN8742 Phy interface Condition cause : null
2025-12-08 13:53:26,206 [WARN] ConditionMgr:1044 - genDependencies : Invalid condition id : LAN8742 Phy interface Condition cause : null
2025-12-08 13:53:26,231 [WARN] PackLoader:240 - Cannot read IP mode file for STMicroelectronics.X-CUBE-SFXS2LP1.4.0.0
2025-12-08 13:53:26,274 [WARN] PackLoader:240 - Cannot read IP mode file for STMicroelectronics.X-CUBE-AZRTOS-H7.3.3.0
2025-12-08 13:53:26,302 [WARN] PackLoader:240 - Cannot read IP mode file for STMicroelectronics.X-CUBE-BLEMGR.4.1.0
2025-12-08 13:53:26,328 [WARN] PackLoader:240 - Cannot read IP mode file for STMicroelectronics.X-CUBE-IPS.3.0.0
2025-12-08 13:53:26,362 [WARN] ConditionMgr:438 - getConditionDescription Invalid condition id : UX DEVICE CLASS RTOS Condition cause : null
2025-12-08 13:53:26,363 [WARN] ConditionMgr:438 - getConditionDescription Invalid condition id : UX DEVICE CLASS RTOS Condition cause : null
2025-12-08 13:53:26,364 [WARN] PackLoader:240 - Cannot read IP mode file for STMicroelectronics.X-CUBE-AZRTOS-WB.2.0.0
2025-12-08 13:53:26,365 [WARN] ConditionMgr:1044 - genDependencies : Invalid condition id : UX DEVICE CLASS RTOS Condition cause : null
2025-12-08 13:53:26,365 [WARN] ConditionMgr:1044 - genDependencies : Invalid condition id : UX DEVICE CLASS RTOS Condition cause : null
2025-12-08 13:53:26,365 [WARN] ConditionMgr:1044 - genDependencies : Invalid condition id : UX DEVICE CLASS RTOS Condition cause : null
2025-12-08 13:53:26,366 [WARN] ConditionMgr:1044 - genDependencies : Invalid condition id : UX DEVICE CLASS RTOS Condition cause : null
2025-12-08 13:53:26,366 [WARN] ConditionMgr:1044 - genDependencies : Invalid condition id : UX DEVICE CLASS RTOS Condition cause : null
2025-12-08 13:53:26,385 [WARN] PackLoader:240 - Cannot read IP mode file for STMicroelectronics.X-CUBE-GNSS1.7.0.0
2025-12-08 13:53:26,406 [WARN] PackLoader:240 - Cannot read IP mode file for STMicroelectronics.X-CUBE-GNSS1.7.0.1
2025-12-08 13:53:26,428 [WARN] PackLoader:240 - Cannot read IP mode file for STMicroelectronics.X-CUBE-TOUCHGFX.4.25.0
2025-12-08 13:53:26,449 [WARN] PackLoader:240 - Cannot read IP mode file for STMicroelectronics.FP-SNS-STBOX1.2.0.0
2025-12-08 13:53:26,475 [WARN] PackLoader:240 - Cannot read IP mode file for STMicroelectronics.X-CUBE-SUBG2.5.0.0
2025-12-08 13:53:26,524 [WARN] PackLoader:240 - Cannot read IP mode file for STMicroelectronics.X-CUBE-AZRTOS-H7RS.1.1.0
2025-12-08 13:53:26,549 [WARN] PackLoader:240 - Cannot read IP mode file for Cesanta.I-CUBE-Mongoose.7.13.0
2025-12-08 13:53:26,583 [WARN] PackLoader:240 - Cannot read IP mode file for STMicroelectronics.X-CUBE-AZRTOS-G4.2.0.0
2025-12-08 13:53:26,602 [WARN] PackLoader:240 - Cannot read IP mode file for STMicroelectronics.X-CUBE-NFC7.2.0.0
2025-12-08 13:53:26,625 [WARN] PackLoader:240 - Cannot read IP mode file for STMicroelectronics.X-CUBE-IPS.3.1.0
2025-12-08 13:53:26,648 [WARN] PackLoader:240 - Cannot read IP mode file for STMicroelectronics.X-CUBE-ALS.1.0.2
2025-12-08 13:53:26,665 [WARN] PackLoader:240 - Cannot read IP mode file for STMicroelectronics.X-CUBE-TOUCHGFX.4.24.2
2025-12-08 13:53:26,681 [WARN] PackLoader:240 - Cannot read IP mode file for STMicroelectronics.X-CUBE-TOUCHGFX.4.24.1
2025-12-08 13:53:26,699 [WARN] PackLoader:240 - Cannot read IP mode file for STMicroelectronics.X-CUBE-STSE01.1.0.0
2025-12-08 13:53:26,716 [WARN] PackLoader:240 - Cannot read IP mode file for wolfSSL.I-CUBE-wolfTPM.3.4.0
2025-12-08 13:53:26,734 [WARN] PackLoader:240 - Cannot read IP mode file for portGmbH.I-Cube-SoM-uGOAL.1.1.0
2025-12-08 13:53:26,767 [WARN] PackLoader:240 - Cannot read IP mode file for STMicroelectronics.X-CUBE-AZRTOS-H7RS.1.0.0
2025-12-08 13:53:26,785 [WARN] PackLoader:240 - Cannot read IP mode file for STMicroelectronics.FP-ATR-ASTRA1.2.0.0
2025-12-08 13:53:26,812 [WARN] PackLoader:240 - Cannot read IP mode file for STMicroelectronics.X-CUBE-TOF1.3.4.2
2025-12-08 13:53:27,045 [WARN] PackLoader:240 - Cannot read IP mode file for STMicroelectronics.X-CUBE-TOF1.3.4.3
2025-12-08 13:53:27,260 [WARN] PackLoader:240 - Cannot read IP mode file for Infineon.AIROC-Wi-Fi-Bluetooth-STM32.1.6.1
2025-12-08 13:53:27,290 [WARN] PackLoader:240 - Cannot read IP mode file for wolfSSL.I-CUBE-wolfSSH.1.4.17
2025-12-08 13:53:27,291 [INFO] ThirdParty:978 - Integrity check success = true
2025-12-08 13:53:27,292 [INFO] IntegrityCheckThread:100 - exiting critical section [integrity check]
2025-12-08 13:53:27,292 [INFO] IntegrityCheckThread:103 - End integrity checks thread
2025-12-08 14:14:51,675 [INFO] McuFinderGlobals:63 - Set McuFinder mode to 2 (CubeIDE integrated)
2025-12-08 14:14:51,879 [INFO] MainUpdater:2872 - connection check result : 10
2025-12-08 14:14:51,894 [INFO] MainUpdater:2872 - connection check result : 10
2025-12-08 14:14:52,244 [INFO] MicroXplorer:468 - Change Database Path : 
2025-12-08 14:14:52,244 [INFO] MicroXplorer:498 - Change Database Version : DB.6.0.150
2025-12-08 14:14:52,257 [WARN] ThirdParty:871 - waiting for thirdparty lock release [close project]
2025-12-08 14:14:52,257 [INFO] ThirdParty:873 - entering critical section [close project]
2025-12-08 14:14:52,261 [INFO] ThirdParty:883 - exiting critical section [close project]
2025-12-08 14:14:52,270 [INFO] PinOutPanel:1589 - setPackage(No Configuration,No Configuration)
2025-12-08 14:14:52,273 [INFO] UtilMem:75 - Begin LoadConfig() Used Memory: 334383408 Bytes (382730240)
2025-12-08 14:14:52,276 [INFO] MicroXplorer:468 - Change Database Path : 
2025-12-08 14:14:52,276 [INFO] MicroXplorer:498 - Change Database Version : DB.6.0.150
2025-12-08 14:14:52,276 [INFO] OpenFileManager:355 - Change cursor
2025-12-08 14:14:52,423 [INFO] Mcu:2029 - Initializing MCU STM32G474R(B-C-E)Tx STM32G474RETx STM32G474RET6
2025-12-08 14:15:00,484 [INFO] Context:786 - Trying to add GPIOservice into a context  which must be forbidden
2025-12-08 14:15:03,305 [INFO] ApiDbMcu:532 - Load IP Config File for NUCLEO-G474RE
2025-12-08 14:15:03,571 [INFO] ImportTextPane:234 - (OptionalMessage_ERROR) Pin33 (VP_RIF_VS_RIF1) cannot be retrieved for this MCU
2025-12-08 14:15:03,997 [INFO] RtosManager:558 - Registered RTOS mode: class=CMSIS, group=RTOS, mode=CMSIS_V1, owner=FREERTOS
2025-12-08 14:15:03,997 [INFO] RtosManager:558 - Registered RTOS mode: class=CMSIS, group=RTOS2, mode=CMSIS_V2, owner=FREERTOS
2025-12-08 14:15:03,997 [INFO] RtosManager:558 - Registered RTOS mode: class=RTOS, group=Core, mode=CMSIS_V1, owner=FREERTOS
2025-12-08 14:15:03,997 [INFO] RtosManager:558 - Registered RTOS mode: class=RTOS, group=Core, mode=CMSIS_V2, owner=FREERTOS
2025-12-08 14:15:03,998 [WARN] ModelIntegratedComponent:184 - Missing modes for component STMicroelectronics:FreeRTOS:0.0.1:STMicroelectronics:RTOS:FreeRTOS:Core:::10.2.0:
2025-12-08 14:15:04,011 [WARN] ModelIntegratedComponent:63 - No mode defined for component null
2025-12-08 14:15:04,011 [WARN] ModelIntegratedComponent:63 - No mode defined for component null
2025-12-08 14:15:04,011 [WARN] ModelIntegratedComponent:63 - No mode defined for component null
2025-12-08 14:15:04,012 [WARN] ModelIntegratedComponent:63 - No mode defined for component null
2025-12-08 14:15:04,012 [WARN] ModelIntegratedComponent:63 - No mode defined for component null
2025-12-08 14:15:04,012 [WARN] ModelIntegratedComponent:63 - No mode defined for component null
2025-12-08 14:15:04,012 [WARN] ModelIntegratedComponent:63 - No mode defined for component null
2025-12-08 14:15:04,012 [WARN] ModelIntegratedComponent:63 - No mode defined for component null
2025-12-08 14:15:04,012 [WARN] ModelIntegratedComponent:63 - No mode defined for component null
2025-12-08 14:15:04,012 [WARN] ModelIntegratedComponent:63 - No mode defined for component null
2025-12-08 14:15:04,012 [WARN] ModelIntegratedComponent:63 - No mode defined for component null
2025-12-08 14:15:04,012 [WARN] ModelIntegratedComponent:63 - No mode defined for component null
2025-12-08 14:15:04,013 [WARN] ModelIntegratedComponent:63 - No mode defined for component null
2025-12-08 14:15:04,013 [WARN] ModelIntegratedComponent:63 - No mode defined for component null
2025-12-08 14:15:04,013 [WARN] ModelIntegratedComponent:63 - No mode defined for component null
2025-12-08 14:15:04,013 [WARN] ModelIntegratedComponent:63 - No mode defined for component null
2025-12-08 14:15:04,013 [WARN] ModelIntegratedComponent:63 - No mode defined for component null
2025-12-08 14:15:04,013 [WARN] ModelIntegratedComponent:63 - No mode defined for component null
2025-12-08 14:15:04,013 [WARN] ModelIntegratedComponent:63 - No mode defined for component null
2025-12-08 14:15:04,014 [WARN] ModelIntegratedComponent:63 - No mode defined for component null
2025-12-08 14:15:04,014 [WARN] ModelIntegratedComponent:63 - No mode defined for component null
2025-12-08 14:15:04,014 [WARN] ModelIntegratedComponent:63 - No mode defined for component null
2025-12-08 14:15:04,014 [WARN] ModelIntegratedComponent:63 - No mode defined for component null
2025-12-08 14:15:04,014 [WARN] ModelIntegratedComponent:63 - No mode defined for component null
2025-12-08 14:15:04,014 [WARN] ModelIntegratedComponent:63 - No mode defined for component null
2025-12-08 14:15:04,014 [WARN] ModelIntegratedComponent:63 - No mode defined for component null
2025-12-08 14:15:04,015 [WARN] ModelIntegratedComponent:63 - No mode defined for component null
2025-12-08 14:15:04,015 [WARN] ModelIntegratedComponent:63 - No mode defined for component null
2025-12-08 14:15:04,015 [WARN] ModelIntegratedComponent:63 - No mode defined for component null
2025-12-08 14:15:04,015 [WARN] ModelIntegratedComponent:63 - No mode defined for component null
2025-12-08 14:15:04,015 [WARN] ModelIntegratedComponent:63 - No mode defined for component null
2025-12-08 14:15:04,015 [WARN] ModelIntegratedComponent:63 - No mode defined for component null
2025-12-08 14:15:04,015 [WARN] ModelIntegratedComponent:63 - No mode defined for component null
2025-12-08 14:15:04,016 [WARN] ModelIntegratedComponent:63 - No mode defined for component null
2025-12-08 14:15:04,016 [WARN] ModelIntegratedComponent:63 - No mode defined for component null
2025-12-08 14:15:04,016 [WARN] ModelPack:524 - Component already loaded: STMicroelectronics:HAL Drivers:0.0.0:STMicroelectronics:Device:STMicro_Driver:XSPI:HAL::0.0.1:HAL_XSPI
2025-12-08 14:15:04,340 [INFO] ThirdPartyModel:298 - Start build external matchings
2025-12-08 14:15:06,252 [INFO] ThirdPartyModel:316 - End build external matchings
2025-12-08 14:15:06,337 [INFO] ImportTextPane:234 - (OptionalMessage_ERROR) IP (ADC1) : Parameter (CommonPathInternal) has invalid value (null|null|null|null)
2025-12-08 14:15:06,338 [INFO] ImportTextPane:234 - (OptionalMessage_ERROR) IP (ADC2) : Parameter (CommonPathInternal) has invalid value (null|null|null|null)
2025-12-08 14:15:06,340 [INFO] ImportTextPane:234 - (OptionalMessage_ERROR) IP (RCC) : Invalid parameter (FamilyName)
2025-12-08 14:15:06,344 [INFO] ImportTextPane:234 - (OptionalMessage_ERROR) IP (RCC) : Parameter (RNGFreq_Value) has invalid value (170000000)
2025-12-08 14:15:06,345 [INFO] ImportTextPane:234 - (OptionalMessage_ERROR) IP (RCC) : Parameter (USBFreq_Value) has invalid value (170000000)
2025-12-08 14:15:07,253 [INFO] ApiDb:581 - Connected to CubeFinder SQLite database (C:\Users\penel\.stmcufinder\plugins\mcufinder\mcu\cube-finder-db.db)
2025-12-08 14:15:07,509 [INFO] ApiDb:668 - CubeFinder database Data Model version=2.1
2025-12-08 14:15:07,509 [INFO] ApiDb:669 - CubeFinder database Configuration version=3.0.39
2025-12-08 14:15:07,510 [INFO] ApiDb:670 - CubeFinder database generation date=2025-11-05 (1762334721)
2025-12-08 14:15:07,510 [INFO] ApiDb:671 - CubeFinder database FW Pack versions=[FP-ATR-ASTRA1_V2.0.0, FP-SNS-FLIGHT1_V5.1.0, FP-SNS-MOTENV1_V5.1.0, FP-SNS-MOTENVWB1_V1.4.0, FP-SNS-SMARTAG2_V1.2.0, FP-SNS-STBOX1_V2.1.0, STM32Cube_FW_C0_V1.4.0, STM32Cube_FW_F4_V1.28.3, STM32Cube_FW_F7_V1.17.4, STM32Cube_FW_G0_V1.6.2, STM32Cube_FW_G4_V1.6.1, STM32Cube_FW_H5_V1.5.1, STM32Cube_FW_H7RS_V1.3.0, STM32Cube_FW_H7_V1.12.1, STM32Cube_FW_L0_V1.12.2, STM32Cube_FW_L4_V1.18.1, STM32Cube_FW_L5_V1.6.0, STM32Cube_FW_N6_V1.3.0, STM32Cube_FW_U0_V1.3.0, STM32Cube_FW_U3_V1.2.1, STM32Cube_FW_U5_V1.8.0, STM32Cube_FW_WB0_V1.4.0, STM32Cube_FW_WBA_V1.8.0, STM32Cube_FW_WB_V1.24.0, STM32Cube_FW_WL3_V1.3.0, STM32Cube_FW_WL_V1.4.0, X-CUBE-ALGOBUILD_V1.4.0, X-CUBE-ALS_V1.0.2, X-CUBE-AZRTOS-F4_V1.1.0, X-CUBE-AZRTOS-F7_V1.1.0, X-CUBE-AZRTOS-G0_V1.1.0, X-CUBE-AZRTOS-G4_V2.0.0, X-CUBE-AZRTOS-H7RS_V1.1.0, X-CUBE-AZRTOS-H7_V3.4.0, X-CUBE-AZRTOS-L4_V2.0.0, X-CUBE-AZRTOS-L5_V2.0.0, X-CUBE-AZRTOS-WB_V2.0.0, X-CUBE-AZRTOS-WL_V2.0.0, X-CUBE-BLE1_V7.1.0, X-CUBE-BLE2_V3.3.0, X-CUBE-BLEMGR_V4.1.0, X-CUBE-EEPRMA1_V5.2.0, X-CUBE-FREERTOS_V1.3.1, X-CUBE-GNSS1_V6.0.0, X-CUBE-MEMS1_V11.3.0, X-CUBE-NFC4_V3.0.0, X-CUBE-NFC7_V2.0.0, X-CUBE-SFXS2LP1_V4.0.0, X-CUBE-ST67W61_V1.1.0, X-CUBE-SUBG2_V5.0.0, X-CUBE-TOF1_V3.4.3]
2025-12-08 14:15:07,856 [INFO] DbBoardsSqlite:226 - include board P-NUCLEO-WB55-NUCLEO as a kit item of type 'Nucleo-64'
2025-12-08 14:15:07,857 [INFO] DbBoardsSqlite:226 - include board P-NUCLEO-WB55-USBDONGLE as a kit item of type 'Nucleo USB Dongle'
2025-12-08 14:15:07,860 [INFO] DbBoardsSqlite:226 - include board STEVAL-IDP005V1 as a kit item of type 'Evaluation Board'
2025-12-08 14:15:07,862 [INFO] DbBoardsSqlite:226 - include board STEVAL-IDP005V2 as a kit item of type 'Evaluation Board'
2025-12-08 14:15:09,378 [INFO] ApiDb:240 - Found 880 in-development CPN: [B-G473E-ZEST1S, B-WB1M-WPAN1, B-WBA5M-WPAN, B-WL5M-SUBG1, NUCLEO-C031C6, NUCLEO-C051C8, NUCLEO-C071RB, NUCLEO-C092RC, NUCLEO-H503RB, NUCLEO-H533RE, NUCLEO-H563ZI, NUCLEO-H7S3L8, NUCLEO-N657X0-Q, NUCLEO-U031R8, NUCLEO-U083RC, NUCLEO-U385RG-Q, NUCLEO-U545RE-Q, NUCLEO-U5A5ZJ-Q, NUCLEO-WB05KZ, NUCLEO-WB07CC, NUCLEO-WB09KE, NUCLEO-WBA52CG, NUCLEO-WBA55CG, NUCLEO-WL33CC1, NUCLEO-WL33CC2, STEVAL-PROTEUS1, STEVAL-SMARTAG2, STEVAL-STWINBX1, STM320518-EVAL, STM32C0116-DK, STM32C011D6Y3TR, STM32C011D6Y6TR, STM32C011F4P3, STM32C011F4P6, STM32C011F4U3, STM32C011F4U6TR, STM32C011F6P3, STM32C011F6P6, STM32C011F6U3, STM32C011F6U6TR, STM32C011J4M3, STM32C011J4M6, STM32C011J6M3, STM32C011J6M6, STM32C0316-DK, STM32C031C4T3, STM32C031C4T6, STM32C031C4U3, STM32C031C4U6, STM32C031C6T3, STM32C031C6T6, STM32C031C6U3, STM32C031C6U6, STM32C031F4P3, STM32C031F4P6, STM32C031F6P3, STM32C031F6P6, STM32C031G4U3, STM32C031G4U6, STM32C031G6U3, STM32C031G6U6, STM32C031K4T3, STM32C031K4T6, STM32C031K4U3, STM32C031K4U6, STM32C031K6T3, STM32C031K6T6, STM32C031K6U3, STM32C031K6U6, STM32C051C6T6, STM32C051C6U6, STM32C051C8T6, STM32C051C8U6, STM32C051D8Y6TR, STM32C051F6P6, STM32C051F8P6, STM32C051G6U6, STM32C051G8U6, STM32C051K6T6, STM32C051K6U6, STM32C051K8T6, STM32C071C8T6, STM32C071C8T6N, STM32C071C8U6, STM32C071C8U6N, STM32C071CBT6, STM32C071CBT6N, STM32C071CBU6, STM32C071CBU6N, STM32C071F8P6, STM32C071F8P6N, STM32C071FBP6, STM32C071FBP6N, STM32C071FBY6TR, STM32C071G8U6, STM32C071G8U6N, STM32C071GBU6, STM32C071GBU6N, STM32C071K8T6, STM32C071K8T6N, STM32C071K8U6, STM32C071K8U6N, STM32C071KBT6, STM32C071KBT6N, STM32C071KBU6, STM32C071KBU6N, STM32C071R8T6, STM32C071R8T6N, STM32C071RBI6N, STM32C071RBT6, STM32C071RBT6N, STM32C091CBT6, STM32C091CBU6, STM32C091CCT6, STM32C091CCU6, STM32C091ECY6TR, STM32C091FBP6, STM32C091FCP6, STM32C091GBU6, STM32C091GCU6, STM32C091KBT6, STM32C091KBU6, STM32C091KCT6, STM32C091KCU6, STM32C091RBT6, STM32C091RCI6, STM32C091RCT6, STM32C092CBT6, STM32C092CBU6, STM32C092CCT6, STM32C092CCU6, STM32C092ECY6TR, STM32C092FBP6, STM32C092FCP6, STM32C092GBU6, STM32C092GCU6, STM32C092KBT6, STM32C092KBU6, STM32C092KCT6, STM32C092KCU6, STM32C092RBT6, STM32C092RCI6, STM32C092RCT6, STM32G071K8TXN, STM32G071K8UXN, STM32G081GBU6N, STM32G081KBT6N, STM32G081KBUXN, STM32G0B1CCT6N, STM32G0B1KCT6, STM32G0B1NEY6TR, STM32G0B1RCT6N, STM32G0C1CCT6, STM32G0C1CCT6N, STM32G0C1CCU6N, STM32G0C1CET6N, STM32G0C1CEU6N, STM32G0C1KCT6, STM32G0C1NEY6TR, STM32G0C1RCI6N, STM32G0C1RCT6N, STM32G0C1REI6N, STM32G0C1RET6N, STM32G0C1VCI6, STM32G0C1VEI6, STM32G411C6T3, STM32G411C6T6, STM32G411C6U3, STM32G411C6U6, STM32G411C8T3, STM32G411C8T6, STM32G411C8U3, STM32G411C8U6, STM32G411CBT3, STM32G411CBT6, STM32G411CBU3, STM32G411CBU6, STM32G411K6T3, STM32G411K6T6, STM32G411K6U3, STM32G411K6U6, STM32G411K8T3, STM32G411K8T6, STM32G411K8U3, STM32G411K8U6, STM32G411KBT3, STM32G411KBT6, STM32G411KBU3, STM32G411KBU6, STM32G411M6T3, STM32G411M6T6, STM32G411M8T3, STM32G411M8T6, STM32G411MBT3, STM32G411MBT6, STM32G411R6T3, STM32G411R6T6, STM32G411R8T3, STM32G411R8T6, STM32G411RBT3, STM32G411RBT6, STM32G414CBT3, STM32G414CBT6, STM32G414CBU3, STM32G414CBU6, STM32G414CCT3, STM32G414CCT6, STM32G414CCU3, STM32G414CCU6, STM32G414MBT3, STM32G414MBT6, STM32G414MCT3, STM32G414MCT6, STM32G414RBT3, STM32G414RBT6, STM32G414RCT3, STM32G414RCT6, STM32G414VBT3, STM32G414VBT6, STM32G414VCT3, STM32G414VCT6, STM32G431CBT3Z, STM32G431RBT3Z, STM32G471CCT6, STM32G471CCU6, STM32G471CET3, STM32G471CET6, STM32G471CEU3, STM32G471CEU6, STM32G471MCT6, STM32G471MET3, STM32G471MET6, STM32G471MEY6TR, STM32G471QCT6, STM32G471QET3, STM32G471RCT6, STM32G471RET3, STM32G471RET6, STM32G471VCH6, STM32G471VCI6, STM32G471VCT6, STM32G471VEH3, STM32G471VEH6, STM32G471VEI3, STM32G471VEI6, STM32G471VET3, STM32G471VET6, STM32G473QET3Z, STM32G473RET3Z, STM32G474CCT6, STM32G491RET3Z, STM32H503CBT6, STM32H503CBU6, STM32H503EBY6TR, STM32H503KBU6, STM32H503RBT6, STM32H523CCT6, STM32H523CCU6, STM32H523CET6, STM32H523CEU6, STM32H523HEY6TR, STM32H523RCT6, STM32H523RET6, STM32H523VCI6, STM32H523VCT6, STM32H523VEI6, STM32H523VET6, STM32H523ZCJ6, STM32H523ZCT6, STM32H523ZEJ6, STM32H523ZET6, STM32H533CET6, STM32H533CEU6, STM32H533HEY6TR, STM32H533RET6, STM32H533VEI6, STM32H533VET6, STM32H533ZEJ6, STM32H533ZET6, STM32H562AGI6, STM32H562AII6, STM32H562IGK6, STM32H562IGT6, STM32H562IIK6, STM32H562IIT6, STM32H562RGT6, STM32H562RGV6, STM32H562RIT6, STM32H562RIV6, STM32H562VGT6, STM32H562VIT6, STM32H562ZGT6, STM32H562ZIT6, STM32H563AGI6, STM32H563AII3Q, STM32H563AII6, STM32H563IGK6, STM32H563IGT6, STM32H563IIK3Q, STM32H563IIK6, STM32H563IIT3Q, STM32H563IIT6, STM32H563MIY3QTR, STM32H563RGT6, STM32H563RGV6, STM32H563RIT6, STM32H563RIV6, STM32H563VGT6, STM32H563VIT3Q, STM32H563VIT6, STM32H563ZGT6, STM32H563ZIT3Q, STM32H563ZIT6, STM32H573AII3Q, STM32H573AII6, STM32H573I-DK, STM32H573IIK3Q, STM32H573IIK6, STM32H573IIT3Q, STM32H573IIT6, STM32H573MIY3QTR, STM32H573RIT6, STM32H573RIV6, STM32H573VIT3Q, STM32H573VIT6, STM32H573ZIT3Q, STM32H573ZIT6, STM32H7R3A8I6, STM32H7R3I8K6, STM32H7R3I8T6, STM32H7R3L8H6, STM32H7R3L8H6H, STM32H7R3R8V6, STM32H7R3V8H6, STM32H7R3V8T6, STM32H7R3V8Y6TR, STM32H7R3Z8J6, STM32H7R3Z8T6, STM32H7R7A8I6, STM32H7R7I8K6, STM32H7R7I8T6, STM32H7R7L8H6, STM32H7R7L8H6H, STM32H7R7Z8J6, STM32H7S3A8I6, STM32H7S3I8K6, STM32H7S3I8T6, STM32H7S3L8H6, STM32H7S3L8H6H, STM32H7S3R8V6, STM32H7S3V8H6, STM32H7S3V8T6, STM32H7S3V8Y6TR, STM32H7S3Z8J6, STM32H7S3Z8T6, STM32H7S78-DK, STM32H7S7A8I6, STM32H7S7I8K6, STM32H7S7I8T6, STM32H7S7L8H6, STM32H7S7L8H6H, STM32H7S7Z8J6, STM32L4R5QGI6STR, STM32MP131AAE3, STM32MP131AAF3, STM32MP131AAG3, STM32MP131CAE3, STM32MP131CAF3, STM32MP131CAG3, STM32MP131DAE7, STM32MP131DAF7, STM32MP131DAG7, STM32MP131FAE7, STM32MP131FAF7, STM32MP131FAG7, STM32MP133AAE3, STM32MP133AAF3, STM32MP133AAG3, STM32MP133CAE3, STM32MP133CAF3, STM32MP133CAG3, STM32MP133DAE7, STM32MP133DAF7, STM32MP133DAG7, STM32MP133FAE7, STM32MP133FAF7, STM32MP133FAG7, STM32MP135AAE3, STM32MP135AAF3, STM32MP135AAG3, STM32MP135CAE3, STM32MP135CAF3, STM32MP135CAG3, STM32MP135DAE7, STM32MP135DAF7, STM32MP135DAG7, STM32MP135F-DK, STM32MP135FAE7, STM32MP135FAF7, STM32MP135FAF7T, STM32MP135FAF7U, STM32MP135FAG7, STM32MP211AAL3, STM32MP211AAM3, STM32MP211AAN3, STM32MP211AAO3, STM32MP211CAL3, STM32MP211CAM3, STM32MP211CAN3, STM32MP211CAO3, STM32MP211DAL3, STM32MP211DAM3, STM32MP211DAN3, STM32MP211DAO3, STM32MP211FAL3, STM32MP211FAM3, STM32MP211FAN3, STM32MP211FAO3, STM32MP213AAL3, STM32MP213AAM3, STM32MP213AAN3, STM32MP213AAO3, STM32MP213CAL3, STM32MP213CAM3, STM32MP213CAN3, STM32MP213CAO3, STM32MP213DAL3, STM32MP213DAM3, STM32MP213DAN3, STM32MP213DAO3, STM32MP213FAL3, STM32MP213FAM3, STM32MP213FAN3, STM32MP213FAO3, STM32MP215AAL3, STM32MP215AAM3, STM32MP215AAN3, STM32MP215AAO3, STM32MP215CAL3, STM32MP215CAM3, STM32MP215CAN3, STM32MP215CAO3, STM32MP215DAL3, STM32MP215DAM3, STM32MP215DAN3, STM32MP215DAO3, STM32MP215F-DK, STM32MP215FAL3, STM32MP215FAM3, STM32MP215FAN3, STM32MP215FAO3, STM32MP231AAJ3, STM32MP231AAK3, STM32MP231AAL3, STM32MP231CAJ3, STM32MP231CAK3, STM32MP231CAL3, STM32MP231DAJ3, STM32MP231DAK3, STM32MP231DAL3, STM32MP231FAJ3, STM32MP231FAK3, STM32MP231FAL3, STM32MP233AAJ3, STM32MP233AAK3, STM32MP233AAL3, STM32MP233CAJ3, STM32MP233CAK3, STM32MP233CAL3, STM32MP233DAJ3, STM32MP233DAK3, STM32MP233DAL3, STM32MP233FAJ3, STM32MP233FAK3, STM32MP233FAL3, STM32MP235AAJ3, STM32MP235AAK3, STM32MP235AAL3, STM32MP235CAJ3, STM32MP235CAK3, STM32MP235CAL3, STM32MP235DAJ3, STM32MP235DAK3, STM32MP235DAL3, STM32MP235FAJ3, STM32MP235FAK3, STM32MP235FAL3, STM32MP251AAI3, STM32MP251AAK3, STM32MP251AAL3, STM32MP251CAI3, STM32MP251CAK3, STM32MP251CAL3, STM32MP251DAI3, STM32MP251DAK3, STM32MP251DAL3, STM32MP251FAI3, STM32MP251FAK3, STM32MP251FAL3, STM32MP253AAI3, STM32MP253AAK3, STM32MP253AAL3, STM32MP253CAI3, STM32MP253CAK3, STM32MP253CAL3, STM32MP253DAI3, STM32MP253DAK3, STM32MP253DAL3, STM32MP253FAI3, STM32MP253FAK3, STM32MP253FAL3, STM32MP255AAI3, STM32MP255AAK3, STM32MP255AAL3, STM32MP255CAI3, STM32MP255CAK3, STM32MP255CAL3, STM32MP255DAI3, STM32MP255DAK3, STM32MP255DAL3, STM32MP255FAI3, STM32MP255FAK3, STM32MP255FAL3, STM32MP257AAI3, STM32MP257AAK3, STM32MP257AAL3, STM32MP257CAI3, STM32MP257CAK3, STM32MP257CAL3, STM32MP257DAI3, STM32MP257DAK3, STM32MP257DAL3, STM32MP257F-DK, STM32MP257F-EV1, STM32MP257FAI3, STM32MP257FAK3, STM32MP257FAL3, STM32N645A0H3Q, STM32N645B0H3Q, STM32N645I0H3Q, STM32N645L0H3Q, STM32N645X0H3Q, STM32N645Z0H3Q, STM32N647A0H3Q, STM32N647B0H3Q, STM32N647I0H3Q, STM32N647L0H3Q, STM32N647X0H3Q, STM32N647Z0H3Q, STM32N655A0H3Q, STM32N655B0H3Q, STM32N655I0H3Q, STM32N655L0H3Q, STM32N655X0H3Q, STM32N655Z0H3Q, STM32N6570-DK, STM32N657A0H3Q, STM32N657B0H3Q, STM32N657I0H3Q, STM32N657L0H3Q, STM32N657X0H3Q, STM32N657Z0H3Q, STM32U031C6T6, STM32U031C6U6, STM32U031C8T6, STM32U031C8U6, STM32U031F4P6, STM32U031F6P6, STM32U031F8P6, STM32U031G6Y6TR, STM32U031G8Y6TR, STM32U031K4U6, STM32U031K6U6, STM32U031K8U6, STM32U031R6I6, STM32U031R6T6, STM32U031R8I6, STM32U031R8T6, STM32U073C8T6, STM32U073C8U6, STM32U073CBT6, STM32U073CBU6, STM32U073CCT6, STM32U073CCU6, STM32U073H8Y6TR, STM32U073HBY6TR, STM32U073HCY6TR, STM32U073K8U6, STM32U073KBU6, STM32U073KCU6, STM32U073M8I6, STM32U073M8T6, STM32U073MBI6, STM32U073MBT6, STM32U073MCI6, STM32U073MCT6, STM32U073R8I6, STM32U073R8T6, STM32U073RBI6, STM32U073RBT6, STM32U073RCI6, STM32U073RCT6, STM32U083C-DK, STM32U083CCT6, STM32U083CCU6, STM32U083HCY6TR, STM32U083KCU6, STM32U083MCI6, STM32U083MCT6, STM32U083RCI6, STM32U083RCT6, STM32U375CET6, STM32U375CET6Q, STM32U375CEU6, STM32U375CEU6Q, STM32U375CEY6QTR, STM32U375CGT6, STM32U375CGT6Q, STM32U375CGU6, STM32U375CGU6Q, STM32U375CGY6QTR, STM32U375KEU6, STM32U375KGU6, STM32U375REI6, STM32U375REI6Q, STM32U375RET6, STM32U375RET6Q, STM32U375REY6GTR, STM32U375REY6QTR, STM32U375RGI6, STM32U375RGI6Q, STM32U375RGT6, STM32U375RGT6Q, STM32U375RGY6GTR, STM32U375RGY6QTR, STM32U375VEI6, STM32U375VEI6Q, STM32U375VET6, STM32U375VET6Q, STM32U375VGI6, STM32U375VGI6Q, STM32U375VGT6, STM32U375VGT6Q, STM32U385CGT6, STM32U385CGT6Q, STM32U385CGU6, STM32U385CGU6Q, STM32U385CGY6QTR, STM32U385KGU6, STM32U385RGI6, STM32U385RGI6Q, STM32U385RGT6, STM32U385RGT6Q, STM32U385RGY6GTR, STM32U385RGY6QTR, STM32U385VGI6, STM32U385VGI6Q, STM32U385VGT6, STM32U385VGT6Q, STM32U535CBT6, STM32U535CBT6Q, STM32U535CBU6, STM32U535CBU6Q, STM32U535CCT6, STM32U535CCT6Q, STM32U535CCU6, STM32U535CCU6Q, STM32U535CET6, STM32U535CET6Q, STM32U535CEU6, STM32U535CEU6Q, STM32U535JEY6QTR, STM32U535NCY6QTR, STM32U535NEY6QTR, STM32U535RBI6, STM32U535RBI6Q, STM32U535RBT6, STM32U535RBT6Q, STM32U535RCI6, STM32U535RCI6Q, STM32U535RCT6, STM32U535RCT6Q, STM32U535REI6, STM32U535REI6Q, STM32U535RET6, STM32U535RET6Q, STM32U535VCI6, STM32U535VCI6Q, STM32U535VCT6, STM32U535VCT6Q, STM32U535VEI6, STM32U535VEI6Q, STM32U535VET6, STM32U535VET6Q, STM32U545CET6, STM32U545CET6Q, STM32U545CEU6, STM32U545CEU6Q, STM32U545JEY6QTR, STM32U545NEY6QTR, STM32U545REI6, STM32U545REI6Q, STM32U545RET6, STM32U545RET6Q, STM32U545VEI6, STM32U545VEI6Q, STM32U545VET6, STM32U545VET6Q, STM32U595AIH6, STM32U595AIH6Q, STM32U595AJH6, STM32U595AJH6Q, STM32U595QII6, STM32U595QII6Q, STM32U595QJI6, STM32U595QJI6Q, STM32U595RIT6, STM32U595RIT6Q, STM32U595RJT6, STM32U595RJT6Q, STM32U595VIT6, STM32U595VIT6Q, STM32U595VJT6, STM32U595VJT6Q, STM32U595ZIT6, STM32U595ZIT6Q, STM32U595ZIY6QTR, STM32U595ZJT6, STM32U595ZJT6Q, STM32U595ZJY6QTR, STM32U599BJY6QTR, STM32U599NIH6Q, STM32U599NJH6Q, STM32U599VIT6Q, STM32U599VJT6, STM32U599VJT6Q, STM32U599ZIT6Q, STM32U599ZIY6QTR, STM32U599ZJT6Q, STM32U599ZJY6QTR, STM32U5A5AJH6, STM32U5A5AJH6Q, STM32U5A5QII3Q , STM32U5A5QJI6, STM32U5A5QJI6Q, STM32U5A5RJT6, STM32U5A5RJT6Q, STM32U5A5VJT6, STM32U5A5VJT6Q, STM32U5A5ZJT6, STM32U5A5ZJT6Q, STM32U5A5ZJY6QTR, STM32U5A9BJY6QTR, STM32U5A9J-DK, STM32U5A9NJH6Q, STM32U5A9VJT6Q, STM32U5A9ZJT6Q, STM32U5A9ZJY6QTR, STM32U5F7VIT6, STM32U5F7VIT6Q, STM32U5F7VJT6, STM32U5F7VJT6Q, STM32U5F9BJY6QTR, STM32U5F9NJH6Q, STM32U5F9VIT6Q, STM32U5F9VJT6Q, STM32U5F9ZIJ6QTR, STM32U5F9ZIT6Q, STM32U5F9ZJJ6QTR, STM32U5F9ZJT6Q, STM32U5G7VJT6, STM32U5G7VJT6Q, STM32U5G9BJY6QTR, STM32U5G9J-DK1, STM32U5G9J-DK2, STM32U5G9NJH6Q, STM32U5G9VJT6Q, STM32U5G9ZJJ6QTR, STM32U5G9ZJT6Q, STM32WB05KZV6TR, STM32WB05KZV7TR, STM32WB05TZF6TR, STM32WB05TZF7TR, STM32WB06CCF6TR, STM32WB06CCF7TR, STM32WB06CCV6TR, STM32WB06CCV7TR, STM32WB06KCV6TR, STM32WB06KCV7TR, STM32WB07CCF6TR, STM32WB07CCF7TR, STM32WB07CCV6TR, STM32WB07CCV7TR, STM32WB07KCV6TR, STM32WB07KCV7TR, STM32WB09KEV6TR, STM32WB09KEV7TR, STM32WB09TEF6TR, STM32WB09TEF7TR, STM32WB1MMCH6, STM32WBA50KGU6, STM32WBA50KGU6TR, STM32WBA52CEU6, STM32WBA52CEU6TR, STM32WBA52CEU7, STM32WBA52CEU7TR, STM32WBA52CGU6, STM32WBA52CGU6TR, STM32WBA52CGU6U, STM32WBA52CGU7, STM32WBA52CGU7TR, STM32WBA52KEU6, STM32WBA52KEU6TR, STM32WBA52KGU6, STM32WBA52KGU6TR, STM32WBA54CEU6, STM32WBA54CEU6TR, STM32WBA54CEU7, STM32WBA54CEU7TR, STM32WBA54CGU6, STM32WBA54CGU6TR, STM32WBA54CGU7, STM32WBA54CGU7TR, STM32WBA54KEU6, STM32WBA54KEU6TR, STM32WBA54KEU7, STM32WBA54KEU7TR, STM32WBA54KGU6, STM32WBA54KGU6TR, STM32WBA54KGU7, STM32WBA54KGU7TR, STM32WBA55CEU6, STM32WBA55CEU6TR, STM32WBA55CEU7, STM32WBA55CEU7TR, STM32WBA55CGU6, STM32WBA55CGU6TR, STM32WBA55CGU6U, STM32WBA55CGU7, STM32WBA55CGU7TR, STM32WBA55G-DK1, STM32WBA55HEF6, STM32WBA55HEF7, STM32WBA55HGF6, STM32WBA55HGF7, STM32WBA55UEI6, STM32WBA55UEI6TR, STM32WBA55UEI7, STM32WBA55UEI7TR, STM32WBA55UGI6, STM32WBA55UGI6TR, STM32WBA55UGI7, STM32WBA55UGI7TR, STM32WBA5MMGH6TR, STM32WBA62MGF6, STM32WBA62MIF6, STM32WBA65MGF7, STM32WBA65MIF6, STM32WBA65MIF7, STM32WL30K8V6, STM32WL30KBV6, STM32WL31C8V6, STM32WL31CBV6, STM32WL31K8V6, STM32WL31KBV6, STM32WL33C8V6, STM32WL33C8V6X, STM32WL33CBV6, STM32WL33CBV6X, STM32WL33CCV6, STM32WL33CCV6A, STM32WL33CCV6X, STM32WL33K8V7, STM32WL33K8V7X, STM32WL33KBV7 , STM32WL33KBV7X, STM32WL33KCV7, STM32WL33KCV7X, STM32WL5MOCH6, STM32WL5MOCH6TR]
2025-12-08 14:15:09,388 [INFO] ApiDb:668 - CubeFinder database Data Model version=2.1
2025-12-08 14:15:09,388 [INFO] ApiDb:669 - CubeFinder database Configuration version=3.0.39
2025-12-08 14:15:09,388 [INFO] ApiDb:670 - CubeFinder database generation date=2025-11-05 (1762334721)
2025-12-08 14:15:09,388 [INFO] ApiDb:671 - CubeFinder database FW Pack versions=[FP-ATR-ASTRA1_V2.0.0, FP-SNS-FLIGHT1_V5.1.0, FP-SNS-MOTENV1_V5.1.0, FP-SNS-MOTENVWB1_V1.4.0, FP-SNS-SMARTAG2_V1.2.0, FP-SNS-STBOX1_V2.1.0, STM32Cube_FW_C0_V1.4.0, STM32Cube_FW_F4_V1.28.3, STM32Cube_FW_F7_V1.17.4, STM32Cube_FW_G0_V1.6.2, STM32Cube_FW_G4_V1.6.1, STM32Cube_FW_H5_V1.5.1, STM32Cube_FW_H7RS_V1.3.0, STM32Cube_FW_H7_V1.12.1, STM32Cube_FW_L0_V1.12.2, STM32Cube_FW_L4_V1.18.1, STM32Cube_FW_L5_V1.6.0, STM32Cube_FW_N6_V1.3.0, STM32Cube_FW_U0_V1.3.0, STM32Cube_FW_U3_V1.2.1, STM32Cube_FW_U5_V1.8.0, STM32Cube_FW_WB0_V1.4.0, STM32Cube_FW_WBA_V1.8.0, STM32Cube_FW_WB_V1.24.0, STM32Cube_FW_WL3_V1.3.0, STM32Cube_FW_WL_V1.4.0, X-CUBE-ALGOBUILD_V1.4.0, X-CUBE-ALS_V1.0.2, X-CUBE-AZRTOS-F4_V1.1.0, X-CUBE-AZRTOS-F7_V1.1.0, X-CUBE-AZRTOS-G0_V1.1.0, X-CUBE-AZRTOS-G4_V2.0.0, X-CUBE-AZRTOS-H7RS_V1.1.0, X-CUBE-AZRTOS-H7_V3.4.0, X-CUBE-AZRTOS-L4_V2.0.0, X-CUBE-AZRTOS-L5_V2.0.0, X-CUBE-AZRTOS-WB_V2.0.0, X-CUBE-AZRTOS-WL_V2.0.0, X-CUBE-BLE1_V7.1.0, X-CUBE-BLE2_V3.3.0, X-CUBE-BLEMGR_V4.1.0, X-CUBE-EEPRMA1_V5.2.0, X-CUBE-FREERTOS_V1.3.1, X-CUBE-GNSS1_V6.0.0, X-CUBE-MEMS1_V11.3.0, X-CUBE-NFC4_V3.0.0, X-CUBE-NFC7_V2.0.0, X-CUBE-SFXS2LP1_V4.0.0, X-CUBE-ST67W61_V1.1.0, X-CUBE-SUBG2_V5.0.0, X-CUBE-TOF1_V3.4.3]
2025-12-08 14:15:12,182 [INFO] ApiDb:240 - Found 880 in-development CPN: [B-G473E-ZEST1S, B-WB1M-WPAN1, B-WBA5M-WPAN, B-WL5M-SUBG1, NUCLEO-C031C6, NUCLEO-C051C8, NUCLEO-C071RB, NUCLEO-C092RC, NUCLEO-H503RB, NUCLEO-H533RE, NUCLEO-H563ZI, NUCLEO-H7S3L8, NUCLEO-N657X0-Q, NUCLEO-U031R8, NUCLEO-U083RC, NUCLEO-U385RG-Q, NUCLEO-U545RE-Q, NUCLEO-U5A5ZJ-Q, NUCLEO-WB05KZ, NUCLEO-WB07CC, NUCLEO-WB09KE, NUCLEO-WBA52CG, NUCLEO-WBA55CG, NUCLEO-WL33CC1, NUCLEO-WL33CC2, STEVAL-PROTEUS1, STEVAL-SMARTAG2, STEVAL-STWINBX1, STM320518-EVAL, STM32C0116-DK, STM32C011D6Y3TR, STM32C011D6Y6TR, STM32C011F4P3, STM32C011F4P6, STM32C011F4U3, STM32C011F4U6TR, STM32C011F6P3, STM32C011F6P6, STM32C011F6U3, STM32C011F6U6TR, STM32C011J4M3, STM32C011J4M6, STM32C011J6M3, STM32C011J6M6, STM32C0316-DK, STM32C031C4T3, STM32C031C4T6, STM32C031C4U3, STM32C031C4U6, STM32C031C6T3, STM32C031C6T6, STM32C031C6U3, STM32C031C6U6, STM32C031F4P3, STM32C031F4P6, STM32C031F6P3, STM32C031F6P6, STM32C031G4U3, STM32C031G4U6, STM32C031G6U3, STM32C031G6U6, STM32C031K4T3, STM32C031K4T6, STM32C031K4U3, STM32C031K4U6, STM32C031K6T3, STM32C031K6T6, STM32C031K6U3, STM32C031K6U6, STM32C051C6T6, STM32C051C6U6, STM32C051C8T6, STM32C051C8U6, STM32C051D8Y6TR, STM32C051F6P6, STM32C051F8P6, STM32C051G6U6, STM32C051G8U6, STM32C051K6T6, STM32C051K6U6, STM32C051K8T6, STM32C071C8T6, STM32C071C8T6N, STM32C071C8U6, STM32C071C8U6N, STM32C071CBT6, STM32C071CBT6N, STM32C071CBU6, STM32C071CBU6N, STM32C071F8P6, STM32C071F8P6N, STM32C071FBP6, STM32C071FBP6N, STM32C071FBY6TR, STM32C071G8U6, STM32C071G8U6N, STM32C071GBU6, STM32C071GBU6N, STM32C071K8T6, STM32C071K8T6N, STM32C071K8U6, STM32C071K8U6N, STM32C071KBT6, STM32C071KBT6N, STM32C071KBU6, STM32C071KBU6N, STM32C071R8T6, STM32C071R8T6N, STM32C071RBI6N, STM32C071RBT6, STM32C071RBT6N, STM32C091CBT6, STM32C091CBU6, STM32C091CCT6, STM32C091CCU6, STM32C091ECY6TR, STM32C091FBP6, STM32C091FCP6, STM32C091GBU6, STM32C091GCU6, STM32C091KBT6, STM32C091KBU6, STM32C091KCT6, STM32C091KCU6, STM32C091RBT6, STM32C091RCI6, STM32C091RCT6, STM32C092CBT6, STM32C092CBU6, STM32C092CCT6, STM32C092CCU6, STM32C092ECY6TR, STM32C092FBP6, STM32C092FCP6, STM32C092GBU6, STM32C092GCU6, STM32C092KBT6, STM32C092KBU6, STM32C092KCT6, STM32C092KCU6, STM32C092RBT6, STM32C092RCI6, STM32C092RCT6, STM32G071K8TXN, STM32G071K8UXN, STM32G081GBU6N, STM32G081KBT6N, STM32G081KBUXN, STM32G0B1CCT6N, STM32G0B1KCT6, STM32G0B1NEY6TR, STM32G0B1RCT6N, STM32G0C1CCT6, STM32G0C1CCT6N, STM32G0C1CCU6N, STM32G0C1CET6N, STM32G0C1CEU6N, STM32G0C1KCT6, STM32G0C1NEY6TR, STM32G0C1RCI6N, STM32G0C1RCT6N, STM32G0C1REI6N, STM32G0C1RET6N, STM32G0C1VCI6, STM32G0C1VEI6, STM32G411C6T3, STM32G411C6T6, STM32G411C6U3, STM32G411C6U6, STM32G411C8T3, STM32G411C8T6, STM32G411C8U3, STM32G411C8U6, STM32G411CBT3, STM32G411CBT6, STM32G411CBU3, STM32G411CBU6, STM32G411K6T3, STM32G411K6T6, STM32G411K6U3, STM32G411K6U6, STM32G411K8T3, STM32G411K8T6, STM32G411K8U3, STM32G411K8U6, STM32G411KBT3, STM32G411KBT6, STM32G411KBU3, STM32G411KBU6, STM32G411M6T3, STM32G411M6T6, STM32G411M8T3, STM32G411M8T6, STM32G411MBT3, STM32G411MBT6, STM32G411R6T3, STM32G411R6T6, STM32G411R8T3, STM32G411R8T6, STM32G411RBT3, STM32G411RBT6, STM32G414CBT3, STM32G414CBT6, STM32G414CBU3, STM32G414CBU6, STM32G414CCT3, STM32G414CCT6, STM32G414CCU3, STM32G414CCU6, STM32G414MBT3, STM32G414MBT6, STM32G414MCT3, STM32G414MCT6, STM32G414RBT3, STM32G414RBT6, STM32G414RCT3, STM32G414RCT6, STM32G414VBT3, STM32G414VBT6, STM32G414VCT3, STM32G414VCT6, STM32G431CBT3Z, STM32G431RBT3Z, STM32G471CCT6, STM32G471CCU6, STM32G471CET3, STM32G471CET6, STM32G471CEU3, STM32G471CEU6, STM32G471MCT6, STM32G471MET3, STM32G471MET6, STM32G471MEY6TR, STM32G471QCT6, STM32G471QET3, STM32G471RCT6, STM32G471RET3, STM32G471RET6, STM32G471VCH6, STM32G471VCI6, STM32G471VCT6, STM32G471VEH3, STM32G471VEH6, STM32G471VEI3, STM32G471VEI6, STM32G471VET3, STM32G471VET6, STM32G473QET3Z, STM32G473RET3Z, STM32G474CCT6, STM32G491RET3Z, STM32H503CBT6, STM32H503CBU6, STM32H503EBY6TR, STM32H503KBU6, STM32H503RBT6, STM32H523CCT6, STM32H523CCU6, STM32H523CET6, STM32H523CEU6, STM32H523HEY6TR, STM32H523RCT6, STM32H523RET6, STM32H523VCI6, STM32H523VCT6, STM32H523VEI6, STM32H523VET6, STM32H523ZCJ6, STM32H523ZCT6, STM32H523ZEJ6, STM32H523ZET6, STM32H533CET6, STM32H533CEU6, STM32H533HEY6TR, STM32H533RET6, STM32H533VEI6, STM32H533VET6, STM32H533ZEJ6, STM32H533ZET6, STM32H562AGI6, STM32H562AII6, STM32H562IGK6, STM32H562IGT6, STM32H562IIK6, STM32H562IIT6, STM32H562RGT6, STM32H562RGV6, STM32H562RIT6, STM32H562RIV6, STM32H562VGT6, STM32H562VIT6, STM32H562ZGT6, STM32H562ZIT6, STM32H563AGI6, STM32H563AII3Q, STM32H563AII6, STM32H563IGK6, STM32H563IGT6, STM32H563IIK3Q, STM32H563IIK6, STM32H563IIT3Q, STM32H563IIT6, STM32H563MIY3QTR, STM32H563RGT6, STM32H563RGV6, STM32H563RIT6, STM32H563RIV6, STM32H563VGT6, STM32H563VIT3Q, STM32H563VIT6, STM32H563ZGT6, STM32H563ZIT3Q, STM32H563ZIT6, STM32H573AII3Q, STM32H573AII6, STM32H573I-DK, STM32H573IIK3Q, STM32H573IIK6, STM32H573IIT3Q, STM32H573IIT6, STM32H573MIY3QTR, STM32H573RIT6, STM32H573RIV6, STM32H573VIT3Q, STM32H573VIT6, STM32H573ZIT3Q, STM32H573ZIT6, STM32H7R3A8I6, STM32H7R3I8K6, STM32H7R3I8T6, STM32H7R3L8H6, STM32H7R3L8H6H, STM32H7R3R8V6, STM32H7R3V8H6, STM32H7R3V8T6, STM32H7R3V8Y6TR, STM32H7R3Z8J6, STM32H7R3Z8T6, STM32H7R7A8I6, STM32H7R7I8K6, STM32H7R7I8T6, STM32H7R7L8H6, STM32H7R7L8H6H, STM32H7R7Z8J6, STM32H7S3A8I6, STM32H7S3I8K6, STM32H7S3I8T6, STM32H7S3L8H6, STM32H7S3L8H6H, STM32H7S3R8V6, STM32H7S3V8H6, STM32H7S3V8T6, STM32H7S3V8Y6TR, STM32H7S3Z8J6, STM32H7S3Z8T6, STM32H7S78-DK, STM32H7S7A8I6, STM32H7S7I8K6, STM32H7S7I8T6, STM32H7S7L8H6, STM32H7S7L8H6H, STM32H7S7Z8J6, STM32L4R5QGI6STR, STM32MP131AAE3, STM32MP131AAF3, STM32MP131AAG3, STM32MP131CAE3, STM32MP131CAF3, STM32MP131CAG3, STM32MP131DAE7, STM32MP131DAF7, STM32MP131DAG7, STM32MP131FAE7, STM32MP131FAF7, STM32MP131FAG7, STM32MP133AAE3, STM32MP133AAF3, STM32MP133AAG3, STM32MP133CAE3, STM32MP133CAF3, STM32MP133CAG3, STM32MP133DAE7, STM32MP133DAF7, STM32MP133DAG7, STM32MP133FAE7, STM32MP133FAF7, STM32MP133FAG7, STM32MP135AAE3, STM32MP135AAF3, STM32MP135AAG3, STM32MP135CAE3, STM32MP135CAF3, STM32MP135CAG3, STM32MP135DAE7, STM32MP135DAF7, STM32MP135DAG7, STM32MP135F-DK, STM32MP135FAE7, STM32MP135FAF7, STM32MP135FAF7T, STM32MP135FAF7U, STM32MP135FAG7, STM32MP211AAL3, STM32MP211AAM3, STM32MP211AAN3, STM32MP211AAO3, STM32MP211CAL3, STM32MP211CAM3, STM32MP211CAN3, STM32MP211CAO3, STM32MP211DAL3, STM32MP211DAM3, STM32MP211DAN3, STM32MP211DAO3, STM32MP211FAL3, STM32MP211FAM3, STM32MP211FAN3, STM32MP211FAO3, STM32MP213AAL3, STM32MP213AAM3, STM32MP213AAN3, STM32MP213AAO3, STM32MP213CAL3, STM32MP213CAM3, STM32MP213CAN3, STM32MP213CAO3, STM32MP213DAL3, STM32MP213DAM3, STM32MP213DAN3, STM32MP213DAO3, STM32MP213FAL3, STM32MP213FAM3, STM32MP213FAN3, STM32MP213FAO3, STM32MP215AAL3, STM32MP215AAM3, STM32MP215AAN3, STM32MP215AAO3, STM32MP215CAL3, STM32MP215CAM3, STM32MP215CAN3, STM32MP215CAO3, STM32MP215DAL3, STM32MP215DAM3, STM32MP215DAN3, STM32MP215DAO3, STM32MP215F-DK, STM32MP215FAL3, STM32MP215FAM3, STM32MP215FAN3, STM32MP215FAO3, STM32MP231AAJ3, STM32MP231AAK3, STM32MP231AAL3, STM32MP231CAJ3, STM32MP231CAK3, STM32MP231CAL3, STM32MP231DAJ3, STM32MP231DAK3, STM32MP231DAL3, STM32MP231FAJ3, STM32MP231FAK3, STM32MP231FAL3, STM32MP233AAJ3, STM32MP233AAK3, STM32MP233AAL3, STM32MP233CAJ3, STM32MP233CAK3, STM32MP233CAL3, STM32MP233DAJ3, STM32MP233DAK3, STM32MP233DAL3, STM32MP233FAJ3, STM32MP233FAK3, STM32MP233FAL3, STM32MP235AAJ3, STM32MP235AAK3, STM32MP235AAL3, STM32MP235CAJ3, STM32MP235CAK3, STM32MP235CAL3, STM32MP235DAJ3, STM32MP235DAK3, STM32MP235DAL3, STM32MP235FAJ3, STM32MP235FAK3, STM32MP235FAL3, STM32MP251AAI3, STM32MP251AAK3, STM32MP251AAL3, STM32MP251CAI3, STM32MP251CAK3, STM32MP251CAL3, STM32MP251DAI3, STM32MP251DAK3, STM32MP251DAL3, STM32MP251FAI3, STM32MP251FAK3, STM32MP251FAL3, STM32MP253AAI3, STM32MP253AAK3, STM32MP253AAL3, STM32MP253CAI3, STM32MP253CAK3, STM32MP253CAL3, STM32MP253DAI3, STM32MP253DAK3, STM32MP253DAL3, STM32MP253FAI3, STM32MP253FAK3, STM32MP253FAL3, STM32MP255AAI3, STM32MP255AAK3, STM32MP255AAL3, STM32MP255CAI3, STM32MP255CAK3, STM32MP255CAL3, STM32MP255DAI3, STM32MP255DAK3, STM32MP255DAL3, STM32MP255FAI3, STM32MP255FAK3, STM32MP255FAL3, STM32MP257AAI3, STM32MP257AAK3, STM32MP257AAL3, STM32MP257CAI3, STM32MP257CAK3, STM32MP257CAL3, STM32MP257DAI3, STM32MP257DAK3, STM32MP257DAL3, STM32MP257F-DK, STM32MP257F-EV1, STM32MP257FAI3, STM32MP257FAK3, STM32MP257FAL3, STM32N645A0H3Q, STM32N645B0H3Q, STM32N645I0H3Q, STM32N645L0H3Q, STM32N645X0H3Q, STM32N645Z0H3Q, STM32N647A0H3Q, STM32N647B0H3Q, STM32N647I0H3Q, STM32N647L0H3Q, STM32N647X0H3Q, STM32N647Z0H3Q, STM32N655A0H3Q, STM32N655B0H3Q, STM32N655I0H3Q, STM32N655L0H3Q, STM32N655X0H3Q, STM32N655Z0H3Q, STM32N6570-DK, STM32N657A0H3Q, STM32N657B0H3Q, STM32N657I0H3Q, STM32N657L0H3Q, STM32N657X0H3Q, STM32N657Z0H3Q, STM32U031C6T6, STM32U031C6U6, STM32U031C8T6, STM32U031C8U6, STM32U031F4P6, STM32U031F6P6, STM32U031F8P6, STM32U031G6Y6TR, STM32U031G8Y6TR, STM32U031K4U6, STM32U031K6U6, STM32U031K8U6, STM32U031R6I6, STM32U031R6T6, STM32U031R8I6, STM32U031R8T6, STM32U073C8T6, STM32U073C8U6, STM32U073CBT6, STM32U073CBU6, STM32U073CCT6, STM32U073CCU6, STM32U073H8Y6TR, STM32U073HBY6TR, STM32U073HCY6TR, STM32U073K8U6, STM32U073KBU6, STM32U073KCU6, STM32U073M8I6, STM32U073M8T6, STM32U073MBI6, STM32U073MBT6, STM32U073MCI6, STM32U073MCT6, STM32U073R8I6, STM32U073R8T6, STM32U073RBI6, STM32U073RBT6, STM32U073RCI6, STM32U073RCT6, STM32U083C-DK, STM32U083CCT6, STM32U083CCU6, STM32U083HCY6TR, STM32U083KCU6, STM32U083MCI6, STM32U083MCT6, STM32U083RCI6, STM32U083RCT6, STM32U375CET6, STM32U375CET6Q, STM32U375CEU6, STM32U375CEU6Q, STM32U375CEY6QTR, STM32U375CGT6, STM32U375CGT6Q, STM32U375CGU6, STM32U375CGU6Q, STM32U375CGY6QTR, STM32U375KEU6, STM32U375KGU6, STM32U375REI6, STM32U375REI6Q, STM32U375RET6, STM32U375RET6Q, STM32U375REY6GTR, STM32U375REY6QTR, STM32U375RGI6, STM32U375RGI6Q, STM32U375RGT6, STM32U375RGT6Q, STM32U375RGY6GTR, STM32U375RGY6QTR, STM32U375VEI6, STM32U375VEI6Q, STM32U375VET6, STM32U375VET6Q, STM32U375VGI6, STM32U375VGI6Q, STM32U375VGT6, STM32U375VGT6Q, STM32U385CGT6, STM32U385CGT6Q, STM32U385CGU6, STM32U385CGU6Q, STM32U385CGY6QTR, STM32U385KGU6, STM32U385RGI6, STM32U385RGI6Q, STM32U385RGT6, STM32U385RGT6Q, STM32U385RGY6GTR, STM32U385RGY6QTR, STM32U385VGI6, STM32U385VGI6Q, STM32U385VGT6, STM32U385VGT6Q, STM32U535CBT6, STM32U535CBT6Q, STM32U535CBU6, STM32U535CBU6Q, STM32U535CCT6, STM32U535CCT6Q, STM32U535CCU6, STM32U535CCU6Q, STM32U535CET6, STM32U535CET6Q, STM32U535CEU6, STM32U535CEU6Q, STM32U535JEY6QTR, STM32U535NCY6QTR, STM32U535NEY6QTR, STM32U535RBI6, STM32U535RBI6Q, STM32U535RBT6, STM32U535RBT6Q, STM32U535RCI6, STM32U535RCI6Q, STM32U535RCT6, STM32U535RCT6Q, STM32U535REI6, STM32U535REI6Q, STM32U535RET6, STM32U535RET6Q, STM32U535VCI6, STM32U535VCI6Q, STM32U535VCT6, STM32U535VCT6Q, STM32U535VEI6, STM32U535VEI6Q, STM32U535VET6, STM32U535VET6Q, STM32U545CET6, STM32U545CET6Q, STM32U545CEU6, STM32U545CEU6Q, STM32U545JEY6QTR, STM32U545NEY6QTR, STM32U545REI6, STM32U545REI6Q, STM32U545RET6, STM32U545RET6Q, STM32U545VEI6, STM32U545VEI6Q, STM32U545VET6, STM32U545VET6Q, STM32U595AIH6, STM32U595AIH6Q, STM32U595AJH6, STM32U595AJH6Q, STM32U595QII6, STM32U595QII6Q, STM32U595QJI6, STM32U595QJI6Q, STM32U595RIT6, STM32U595RIT6Q, STM32U595RJT6, STM32U595RJT6Q, STM32U595VIT6, STM32U595VIT6Q, STM32U595VJT6, STM32U595VJT6Q, STM32U595ZIT6, STM32U595ZIT6Q, STM32U595ZIY6QTR, STM32U595ZJT6, STM32U595ZJT6Q, STM32U595ZJY6QTR, STM32U599BJY6QTR, STM32U599NIH6Q, STM32U599NJH6Q, STM32U599VIT6Q, STM32U599VJT6, STM32U599VJT6Q, STM32U599ZIT6Q, STM32U599ZIY6QTR, STM32U599ZJT6Q, STM32U599ZJY6QTR, STM32U5A5AJH6, STM32U5A5AJH6Q, STM32U5A5QII3Q , STM32U5A5QJI6, STM32U5A5QJI6Q, STM32U5A5RJT6, STM32U5A5RJT6Q, STM32U5A5VJT6, STM32U5A5VJT6Q, STM32U5A5ZJT6, STM32U5A5ZJT6Q, STM32U5A5ZJY6QTR, STM32U5A9BJY6QTR, STM32U5A9J-DK, STM32U5A9NJH6Q, STM32U5A9VJT6Q, STM32U5A9ZJT6Q, STM32U5A9ZJY6QTR, STM32U5F7VIT6, STM32U5F7VIT6Q, STM32U5F7VJT6, STM32U5F7VJT6Q, STM32U5F9BJY6QTR, STM32U5F9NJH6Q, STM32U5F9VIT6Q, STM32U5F9VJT6Q, STM32U5F9ZIJ6QTR, STM32U5F9ZIT6Q, STM32U5F9ZJJ6QTR, STM32U5F9ZJT6Q, STM32U5G7VJT6, STM32U5G7VJT6Q, STM32U5G9BJY6QTR, STM32U5G9J-DK1, STM32U5G9J-DK2, STM32U5G9NJH6Q, STM32U5G9VJT6Q, STM32U5G9ZJJ6QTR, STM32U5G9ZJT6Q, STM32WB05KZV6TR, STM32WB05KZV7TR, STM32WB05TZF6TR, STM32WB05TZF7TR, STM32WB06CCF6TR, STM32WB06CCF7TR, STM32WB06CCV6TR, STM32WB06CCV7TR, STM32WB06KCV6TR, STM32WB06KCV7TR, STM32WB07CCF6TR, STM32WB07CCF7TR, STM32WB07CCV6TR, STM32WB07CCV7TR, STM32WB07KCV6TR, STM32WB07KCV7TR, STM32WB09KEV6TR, STM32WB09KEV7TR, STM32WB09TEF6TR, STM32WB09TEF7TR, STM32WB1MMCH6, STM32WBA50KGU6, STM32WBA50KGU6TR, STM32WBA52CEU6, STM32WBA52CEU6TR, STM32WBA52CEU7, STM32WBA52CEU7TR, STM32WBA52CGU6, STM32WBA52CGU6TR, STM32WBA52CGU6U, STM32WBA52CGU7, STM32WBA52CGU7TR, STM32WBA52KEU6, STM32WBA52KEU6TR, STM32WBA52KGU6, STM32WBA52KGU6TR, STM32WBA54CEU6, STM32WBA54CEU6TR, STM32WBA54CEU7, STM32WBA54CEU7TR, STM32WBA54CGU6, STM32WBA54CGU6TR, STM32WBA54CGU7, STM32WBA54CGU7TR, STM32WBA54KEU6, STM32WBA54KEU6TR, STM32WBA54KEU7, STM32WBA54KEU7TR, STM32WBA54KGU6, STM32WBA54KGU6TR, STM32WBA54KGU7, STM32WBA54KGU7TR, STM32WBA55CEU6, STM32WBA55CEU6TR, STM32WBA55CEU7, STM32WBA55CEU7TR, STM32WBA55CGU6, STM32WBA55CGU6TR, STM32WBA55CGU6U, STM32WBA55CGU7, STM32WBA55CGU7TR, STM32WBA55G-DK1, STM32WBA55HEF6, STM32WBA55HEF7, STM32WBA55HGF6, STM32WBA55HGF7, STM32WBA55UEI6, STM32WBA55UEI6TR, STM32WBA55UEI7, STM32WBA55UEI7TR, STM32WBA55UGI6, STM32WBA55UGI6TR, STM32WBA55UGI7, STM32WBA55UGI7TR, STM32WBA5MMGH6TR, STM32WBA62MGF6, STM32WBA62MIF6, STM32WBA65MGF7, STM32WBA65MIF6, STM32WBA65MIF7, STM32WL30K8V6, STM32WL30KBV6, STM32WL31C8V6, STM32WL31CBV6, STM32WL31K8V6, STM32WL31KBV6, STM32WL33C8V6, STM32WL33C8V6X, STM32WL33CBV6, STM32WL33CBV6X, STM32WL33CCV6, STM32WL33CCV6A, STM32WL33CCV6X, STM32WL33K8V7, STM32WL33K8V7X, STM32WL33KBV7 , STM32WL33KBV7X, STM32WL33KCV7, STM32WL33KCV7X, STM32WL5MOCH6, STM32WL5MOCH6TR]
2025-12-08 14:15:12,188 [INFO] DbMcus:218 - Found 4876 MCUs, 4876 are supported
2025-12-08 14:15:12,190 [INFO] ApiDb:423 - Load user favorites file C:\Users\penel/.stm32cubeide/favorites.mcus.txt: 0 item(s)
2025-12-08 14:15:12,190 [INFO] ApiDb:427 - User favorites MCUs=[]
2025-12-08 14:15:12,190 [INFO] DbMcus:224 - Set 0 / 0 favorites MCUs
2025-12-08 14:15:13,175 [INFO] BoardInfo:889 - No configuration file found for board P-NUCLEO-WB55
2025-12-08 14:15:13,177 [INFO] DbBoards:161 - Kit is not supported: P-NUCLEO-WB55
2025-12-08 14:15:13,186 [INFO] BoardInfo:889 - No configuration file found for board STEVAL-BFA001V1B
2025-12-08 14:15:13,188 [INFO] DbBoards:161 - Kit is not supported: STEVAL-BFA001V1B
2025-12-08 14:15:13,190 [INFO] BoardInfo:889 - No configuration file found for board STEVAL-BFA001V2B
2025-12-08 14:15:13,191 [INFO] DbBoards:161 - Kit is not supported: STEVAL-BFA001V2B
2025-12-08 14:15:13,545 [INFO] DbBoards:168 - Found 212 boards, 209 are supported
2025-12-08 14:15:13,545 [INFO] DbBoards:169 - Found 212 boards, 43 of them is supported for  Bsp
2025-12-08 14:15:13,561 [INFO] ApiDb:423 - Load user favorites file C:\Users\penel/.stm32cubeide/favorites.boards.txt: 2 item(s)
2025-12-08 14:15:13,561 [INFO] ApiDb:427 - User favorites Boards=[NUCLEO-F401RE, NUCLEO-L476RG]
2025-12-08 14:15:13,562 [INFO] DbBoards:198 - Set 2 / 2 favorites Boards
2025-12-08 14:15:13,724 [INFO] UtilMem:75 - End LoadConfig() Used Memory: 295487504 Bytes (616562688)
2025-12-08 14:15:14,013 [WARN] ThirdParty:833 - waiting for thirdparty lock release [change project]
2025-12-08 14:15:14,014 [INFO] ThirdParty:835 - entering critical section [change project]
2025-12-08 14:15:14,014 [INFO] ThirdParty:1030 - CMSIS Pack Vendor :STMicroelectronics X-CUBE-PM33A1 1.0.0
2025-12-08 14:15:14,015 [INFO] ThirdParty:1030 - CMSIS Pack Vendor :STMicroelectronics USBPD 4.1
2025-12-08 14:15:14,015 [INFO] ThirdParty:1030 - CMSIS Pack Vendor :STMicroelectronics USB_HOST 2.0.0
2025-12-08 14:15:14,015 [INFO] ThirdParty:1030 - CMSIS Pack Vendor :STMicroelectronics FP-SNS-MOTENVWB1 1.4.0
2025-12-08 14:15:14,015 [INFO] ThirdParty:1030 - CMSIS Pack Vendor :STMicroelectronics X-CUBE-AZRTOS-F4 1.1.0
2025-12-08 14:15:14,015 [INFO] ThirdParty:1030 - CMSIS Pack Vendor :STMicroelectronics LIBJPEG 8.0.0
2025-12-08 14:15:14,015 [INFO] ThirdParty:1030 - CMSIS Pack Vendor :STMicroelectronics FP-ATR-ASTRA1 2.0.2
2025-12-08 14:15:14,015 [INFO] ThirdParty:1030 - CMSIS Pack Vendor :STMicroelectronics FP-ATR-ASTRA1 2.0.1
2025-12-08 14:15:14,016 [INFO] ThirdParty:1030 - CMSIS Pack Vendor :Avnet-IotConnect X-CUBE-IoTC-DA16k-PMOD 1.0.0
2025-12-08 14:15:14,016 [INFO] ThirdParty:1030 - CMSIS Pack Vendor :STMicroelectronics X-CUBE-SMBUS 2.1.0
2025-12-08 14:15:14,016 [INFO] ThirdParty:1030 - CMSIS Pack Vendor :STMicroelectronics X-CUBE-WB05N 1.1.0
2025-12-08 14:15:14,016 [INFO] ThirdParty:1030 - CMSIS Pack Vendor :STMicroelectronics X-CUBE-ISPU 2.1.0
2025-12-08 14:15:14,016 [INFO] ThirdParty:1030 - CMSIS Pack Vendor :STMicroelectronics X-CUBE-IPS 3.2.0
2025-12-08 14:15:14,016 [INFO] ThirdParty:1030 - CMSIS Pack Vendor :STMicroelectronics X-CUBE-FREERTOS 1.2.0
2025-12-08 14:15:14,017 [INFO] ThirdParty:1030 - CMSIS Pack Vendor :STMicroelectronics X-CUBE-ST60 1.0.0
2025-12-08 14:15:14,017 [INFO] ThirdParty:1030 - CMSIS Pack Vendor :STMicroelectronics X-CUBE-NFC12 1.0.0
2025-12-08 14:15:14,017 [INFO] ThirdParty:1030 - CMSIS Pack Vendor :STMicroelectronics X-CUBE-AZRTOS-F7 1.1.0
2025-12-08 14:15:14,017 [INFO] ThirdParty:1030 - CMSIS Pack Vendor :STMicroelectronics X-CUBE-AZRTOS-L5 2.0.0
2025-12-08 14:15:14,017 [INFO] ThirdParty:1030 - CMSIS Pack Vendor :STMicroelectronics USB_DEVICE 2.0.0
2025-12-08 14:15:14,018 [INFO] ThirdParty:1030 - CMSIS Pack Vendor :STMicroelectronics X-CUBE-NFC6 3.1.0
2025-12-08 14:15:14,018 [INFO] ThirdParty:1030 - CMSIS Pack Vendor :STMicroelectronics X-CUBE-MEMS1 11.0.0
2025-12-08 14:15:14,018 [INFO] ThirdParty:1030 - CMSIS Pack Vendor :STMicroelectronics FP-SNS-MOTENV1 5.1.0
2025-12-08 14:15:14,018 [INFO] ThirdParty:1030 - CMSIS Pack Vendor :STMicroelectronics FreeRTOS 0.0.1
2025-12-08 14:15:14,018 [INFO] ThirdParty:1030 - CMSIS Pack Vendor :STMicroelectronics X-CUBE-DPower 1.2.0
2025-12-08 14:15:14,019 [INFO] ThirdParty:1030 - CMSIS Pack Vendor :STMicroelectronics FP-SNS-FLIGHT1 5.0.2
2025-12-08 14:15:14,019 [INFO] ThirdParty:1030 - CMSIS Pack Vendor :STMicroelectronics X-CUBE-AI 9.0.0
2025-12-08 14:15:14,019 [INFO] ThirdParty:1030 - CMSIS Pack Vendor :STMicroelectronics PDM2PCM 3.3.0
2025-12-08 14:15:14,019 [INFO] ThirdParty:1030 - CMSIS Pack Vendor :STMicroelectronics X-CUBE-AZRTOS-H7 3.4.0
2025-12-08 14:15:14,019 [INFO] ThirdParty:1030 - CMSIS Pack Vendor :STMicroelectronics X-CUBE-DISPLAY 3.0.0
2025-12-08 14:15:14,019 [INFO] ThirdParty:1030 - CMSIS Pack Vendor :STMicroelectronics X-CUBE-BLE1 7.0.0
2025-12-08 14:15:14,019 [INFO] ThirdParty:1030 - CMSIS Pack Vendor :STMicroelectronics X-CUBE-NFC10 1.0.0
2025-12-08 14:15:14,020 [INFO] ThirdParty:1030 - CMSIS Pack Vendor :STMicroelectronics X-CUBE-BLEMGR 4.0.0
2025-12-08 14:15:14,020 [INFO] ThirdParty:1030 - CMSIS Pack Vendor :STMicroelectronics X-CUBE-FREERTOS 1.3.1
2025-12-08 14:15:14,020 [INFO] ThirdParty:1030 - CMSIS Pack Vendor :STMicroelectronics HAL Drivers 0.0.0
2025-12-08 14:15:14,020 [INFO] ThirdParty:1030 - CMSIS Pack Vendor :STMicroelectronics X-CUBE-ST60 1.1.0
2025-12-08 14:15:14,020 [INFO] ThirdParty:1030 - CMSIS Pack Vendor :emotas I-CUBE-CANOPEN 1.3.0
2025-12-08 14:15:14,020 [INFO] ThirdParty:1030 - CMSIS Pack Vendor :STMicroelectronics X-CUBE-FREERTOS 1.3.0
2025-12-08 14:15:14,020 [INFO] ThirdParty:1030 - CMSIS Pack Vendor :STMicroelectronics X-CUBE-NFC7 1.0.1
2025-12-08 14:15:14,021 [INFO] ThirdParty:1030 - CMSIS Pack Vendor :STMicroelectronics MBEDTLS 2.14.1
2025-12-08 14:15:14,021 [INFO] ThirdParty:1030 - CMSIS Pack Vendor :STMicroelectronics X-CUBE-GNSS1 7.1.0
2025-12-08 14:15:14,021 [INFO] ThirdParty:1030 - CMSIS Pack Vendor :STMicroelectronics X-CUBE-TOUCHGFX 4.26.0
2025-12-08 14:15:14,021 [INFO] ThirdParty:1030 - CMSIS Pack Vendor :STMicroelectronics X-CUBE-BLEMGR 3.1.0
2025-12-08 14:15:14,021 [INFO] ThirdParty:1030 - CMSIS Pack Vendor :STMicroelectronics X-CUBE-AI 10.0.0
2025-12-08 14:15:14,022 [INFO] ThirdParty:1030 - CMSIS Pack Vendor :STMicroelectronics FP-SNS-STBOX1 2.1.0
2025-12-08 14:15:14,022 [INFO] ThirdParty:1030 - CMSIS Pack Vendor :STMicroelectronics FP-SNS-STAIOTCFT 1.0.0
2025-12-08 14:15:14,022 [INFO] ThirdParty:1030 - CMSIS Pack Vendor :STMicroelectronics FP-SNS-SMARTAG2 1.2.0
2025-12-08 14:15:14,022 [INFO] ThirdParty:1030 - CMSIS Pack Vendor :STMicroelectronics FP-SNS-FLIGHT1 5.1.0
2025-12-08 14:15:14,022 [INFO] ThirdParty:1030 - CMSIS Pack Vendor :STMicroelectronics X-CUBE-MEMS1 11.1.0
2025-12-08 14:15:14,022 [INFO] ThirdParty:1030 - CMSIS Pack Vendor :STMicroelectronics X-CUBE-AZRTOS-WL 2.0.0
2025-12-08 14:15:14,022 [INFO] ThirdParty:1030 - CMSIS Pack Vendor :STMicroelectronics X-CUBE-DPower 1.3.0
2025-12-08 14:15:14,022 [INFO] ThirdParty:1030 - CMSIS Pack Vendor :STMicroelectronics FP-SNS-MOTENV1 5.0.0
2025-12-08 14:15:14,022 [INFO] ThirdParty:1030 - CMSIS Pack Vendor :STMicroelectronics USB_DEVICE 1.0.0
2025-12-08 14:15:14,023 [INFO] ThirdParty:1030 - CMSIS Pack Vendor :STMicroelectronics X-CUBE-AZRTOS-H7RS 1.2.0
2025-12-08 14:15:14,023 [INFO] ThirdParty:1030 - CMSIS Pack Vendor :wolfSSL I-CUBE-wolfMQTT 1.19.0
2025-12-08 14:15:14,023 [INFO] ThirdParty:1030 - CMSIS Pack Vendor :STMicroelectronics X-CUBE-AZRTOS-L4 2.0.0
2025-12-08 14:15:14,023 [INFO] ThirdParty:1030 - CMSIS Pack Vendor :STMicroelectronics ThreadX 0.0.2
2025-12-08 14:15:14,023 [INFO] ThirdParty:1030 - CMSIS Pack Vendor :WES I-CUBE-Cesium 1.3.0
2025-12-08 14:15:14,023 [INFO] ThirdParty:1030 - CMSIS Pack Vendor :STMicroelectronics lwIP 2.1.2
2025-12-08 14:15:14,023 [INFO] ThirdParty:1030 - CMSIS Pack Vendor :STMicroelectronics X-CUBE-SFXS2LP1 4.0.0
2025-12-08 14:15:14,023 [INFO] ThirdParty:1030 - CMSIS Pack Vendor :STMicroelectronics X-CUBE-BLE2 3.3.0
2025-12-08 14:15:14,023 [INFO] ThirdParty:1030 - CMSIS Pack Vendor :Avnet-IOTCONNECT X-CUBE-iotc-st67-sdk 1.0.0
2025-12-08 14:15:14,024 [INFO] ThirdParty:1030 - CMSIS Pack Vendor :STMicroelectronics PDM2PCM 3.2.0
2025-12-08 14:15:14,024 [INFO] ThirdParty:1030 - CMSIS Pack Vendor :STMicroelectronics X-CUBE-AZRTOS-H7 3.3.0
2025-12-08 14:15:14,024 [INFO] ThirdParty:1030 - CMSIS Pack Vendor :STMicroelectronics X-CUBE-NFC9 1.0.0
2025-12-08 14:15:14,024 [INFO] ThirdParty:1030 - CMSIS Pack Vendor :STMicroelectronics X-CUBE-BLE1 7.1.0
2025-12-08 14:15:14,024 [INFO] ThirdParty:1030 - CMSIS Pack Vendor :STMicroelectronics USB_DEVICE 3.0.0
2025-12-08 14:15:14,024 [INFO] ThirdParty:1030 - CMSIS Pack Vendor :STMicroelectronics X-CUBE-TCPP 4.1.0
2025-12-08 14:15:14,024 [INFO] ThirdParty:1030 - CMSIS Pack Vendor :STMicroelectronics X-CUBE-FREERTOS 1.4.0
2025-12-08 14:15:14,024 [INFO] ThirdParty:1030 - CMSIS Pack Vendor :STMicroelectronics X-CUBE-EEPRMA1 5.2.0
2025-12-08 14:15:14,024 [INFO] ThirdParty:1030 - CMSIS Pack Vendor :STMicroelectronics X-CUBE-BLEMGR 4.1.0
2025-12-08 14:15:14,024 [INFO] ThirdParty:1030 - CMSIS Pack Vendor :STMicroelectronics X-CUBE-IPS 3.0.0
2025-12-08 14:15:14,024 [INFO] ThirdParty:1030 - CMSIS Pack Vendor :STMicroelectronics X-CUBE-AZRTOS-WB 2.0.0
2025-12-08 14:15:14,024 [INFO] ThirdParty:1030 - CMSIS Pack Vendor :STMicroelectronics X-CUBE-GNSS1 7.0.0
2025-12-08 14:15:14,026 [INFO] ThirdParty:1030 - CMSIS Pack Vendor :STMicroelectronics X-CUBE-GNSS1 7.0.1
2025-12-08 14:15:14,026 [INFO] ThirdParty:1030 - CMSIS Pack Vendor :STMicroelectronics X-CUBE-TOUCHGFX 4.25.0
2025-12-08 14:15:14,026 [INFO] ThirdParty:1030 - CMSIS Pack Vendor :STMicroelectronics X-CUBE-ST67W61 1.1.0
2025-12-08 14:15:14,026 [INFO] ThirdParty:1030 - CMSIS Pack Vendor :STMicroelectronics FP-SNS-STBOX1 2.0.0
2025-12-08 14:15:14,026 [INFO] ThirdParty:1030 - CMSIS Pack Vendor :STMicroelectronics X-CUBE-MEMS1 12.0.0
2025-12-08 14:15:14,026 [INFO] ThirdParty:1030 - CMSIS Pack Vendor :STMicroelectronics X-CUBE-AZRTOS-G0 1.1.0
2025-12-08 14:15:14,027 [INFO] ThirdParty:1030 - CMSIS Pack Vendor :STMicroelectronics X-CUBE-SAFEA1 1.2.2
2025-12-08 14:15:14,027 [INFO] ThirdParty:1030 - CMSIS Pack Vendor :STMicroelectronics X-CUBE-NFC4 3.0.0
2025-12-08 14:15:14,027 [INFO] ThirdParty:1030 - CMSIS Pack Vendor :STMicroelectronics X-CUBE-SUBG2 5.0.0
2025-12-08 14:15:14,027 [INFO] ThirdParty:1030 - CMSIS Pack Vendor :STMicroelectronics X-CUBE-AZRTOS-H7RS 1.1.0
2025-12-08 14:15:14,027 [INFO] ThirdParty:1030 - CMSIS Pack Vendor :STMicroelectronics STM32_WPAN 1.0.0
2025-12-08 14:15:14,028 [INFO] ThirdParty:1030 - CMSIS Pack Vendor :EmbeddedOffice I-CUBE-FS-RTOS 1.0.1
2025-12-08 14:15:14,028 [INFO] ThirdParty:1030 - CMSIS Pack Vendor :STMicroelectronics lwIP 2.0.3
2025-12-08 14:15:14,028 [INFO] ThirdParty:1030 - CMSIS Pack Vendor :Cesanta I-CUBE-Mongoose 7.13.0
2025-12-08 14:15:14,028 [INFO] ThirdParty:1030 - CMSIS Pack Vendor :STMicroelectronics USB_HOST 1.0.0
2025-12-08 14:15:14,028 [INFO] ThirdParty:1030 - CMSIS Pack Vendor :STMicroelectronics X-CUBE-AZRTOS-G4 2.0.0
2025-12-08 14:15:14,028 [INFO] ThirdParty:1030 - CMSIS Pack Vendor :STMicroelectronics X-CUBE-WB05N 2.0.0
2025-12-08 14:15:14,028 [INFO] ThirdParty:1030 - CMSIS Pack Vendor :STMicroelectronics PDM2PCM 3.1.0
2025-12-08 14:15:14,028 [INFO] ThirdParty:1030 - CMSIS Pack Vendor :STMicroelectronics X-CUBE-NFC7 2.0.0
2025-12-08 14:15:14,029 [INFO] ThirdParty:1030 - CMSIS Pack Vendor :STMicroelectronics X-CUBE-TCPP 4.2.0
2025-12-08 14:15:14,029 [INFO] ThirdParty:1030 - CMSIS Pack Vendor :RealThread X-CUBE-RT-Thread_Nano 4.1.1
2025-12-08 14:15:14,029 [INFO] ThirdParty:1030 - CMSIS Pack Vendor :STMicroelectronics FP-ATR-SIGFOX1 3.2.0
2025-12-08 14:15:14,029 [INFO] ThirdParty:1030 - CMSIS Pack Vendor :wolfSSL I-CUBE-wolfSSL 5.7.2
2025-12-08 14:15:14,029 [INFO] ThirdParty:1030 - CMSIS Pack Vendor :quantropi X-CUBE-qispace-sdk-base 1.9.3
2025-12-08 14:15:14,029 [INFO] ThirdParty:1030 - CMSIS Pack Vendor :STMicroelectronics X-CUBE-EEPRMA1 5.1.0
2025-12-08 14:15:14,029 [INFO] ThirdParty:1030 - CMSIS Pack Vendor :STMicroelectronics MBEDTLS 2.16.2
2025-12-08 14:15:14,030 [INFO] ThirdParty:1030 - CMSIS Pack Vendor :STMicroelectronics X-CUBE-IPS 3.1.0
2025-12-08 14:15:14,030 [INFO] ThirdParty:1030 - CMSIS Pack Vendor :STMicroelectronics X-CUBE-ALS 1.0.2
2025-12-08 14:15:14,030 [INFO] ThirdParty:1030 - CMSIS Pack Vendor :ITTIA_DB I-CUBE-ITTIADB 8.9.0
2025-12-08 14:15:14,030 [INFO] ThirdParty:1030 - CMSIS Pack Vendor :STMicroelectronics X-CUBE-TOUCHGFX 4.24.2
2025-12-08 14:15:14,030 [INFO] ThirdParty:1030 - CMSIS Pack Vendor :STMicroelectronics X-CUBE-TOUCHGFX 4.24.1
2025-12-08 14:15:14,030 [INFO] ThirdParty:1030 - CMSIS Pack Vendor :STMicroelectronics X-CUBE-STSE01 1.0.0
2025-12-08 14:15:14,030 [INFO] ThirdParty:1030 - CMSIS Pack Vendor :wolfSSL I-CUBE-wolfTPM 3.4.0
2025-12-08 14:15:14,030 [INFO] ThirdParty:1030 - CMSIS Pack Vendor :portGmbH I-Cube-SoM-uGOAL 1.1.0
2025-12-08 14:15:14,030 [INFO] ThirdParty:1030 - CMSIS Pack Vendor :STMicroelectronics X-CUBE-ST67W61 1.0.0
2025-12-08 14:15:14,031 [INFO] ThirdParty:1030 - CMSIS Pack Vendor :STMicroelectronics X-CUBE-AI 10.2.0
2025-12-08 14:15:14,031 [INFO] ThirdParty:1030 - CMSIS Pack Vendor :STMicroelectronics ThreadX 1.0.0
2025-12-08 14:15:14,031 [INFO] ThirdParty:1030 - CMSIS Pack Vendor :SEGGER I-CUBE-embOS 1.3.1
2025-12-08 14:15:14,031 [INFO] ThirdParty:1030 - CMSIS Pack Vendor :STMicroelectronics X-CUBE-ALGOBUILD 1.4.0
2025-12-08 14:15:14,031 [INFO] ThirdParty:1030 - CMSIS Pack Vendor :STMicroelectronics X-CUBE-MEMS1 11.3.0
2025-12-08 14:15:14,032 [INFO] ThirdParty:1030 - CMSIS Pack Vendor :STMicroelectronics X-CUBE-AZRTOS-H7RS 1.0.0
2025-12-08 14:15:14,032 [INFO] ThirdParty:1030 - CMSIS Pack Vendor :STMicroelectronics FP-ATR-ASTRA1 2.0.0
2025-12-08 14:15:14,032 [INFO] ThirdParty:1030 - CMSIS Pack Vendor :STMicroelectronics X-CUBE-TOF1 3.4.2
2025-12-08 14:15:14,032 [INFO] ThirdParty:1030 - CMSIS Pack Vendor :STMicroelectronics X-CUBE-TOF1 3.4.3
2025-12-08 14:15:14,032 [INFO] ThirdParty:1030 - CMSIS Pack Vendor :STMicroelectronics X-CUBE-AI 9.1.0
2025-12-08 14:15:14,032 [INFO] ThirdParty:1030 - CMSIS Pack Vendor :Infineon AIROC-Wi-Fi-Bluetooth-STM32 1.6.1
2025-12-08 14:15:14,033 [INFO] ThirdParty:1030 - CMSIS Pack Vendor :wolfSSL I-CUBE-wolfSSH 1.4.17
2025-12-08 14:15:14,033 [INFO] ThirdParty:841 - exiting critical section [change project]
2025-12-08 14:15:15,140 [INFO] PinOutPanel:1589 - setPackage(No Configuration,No Configuration)
2025-12-08 14:15:15,142 [INFO] PinOutPanel:1589 - setPackage(STM32G474RETx,LQFP64)
2025-12-08 14:15:16,489 [INFO] UtilMem:75 - Before build in PCC Used Memory: 447219712 Bytes (616562688)
2025-12-08 14:15:18,313 [INFO] UtilMem:75 - After build in PCC Used Memory: 283115520 Bytes (616562688)
2025-12-08 14:15:18,378 [INFO] IPUIPlugin:80 - create IPUIPlugin
2025-12-08 14:15:18,379 [INFO] IPUIPlugin:80 - create IPUIPlugin
2025-12-08 14:15:18,379 [INFO] IPUIPlugin:80 - create IPUIPlugin
2025-12-08 14:15:18,379 [INFO] IPUIPlugin:80 - create IPUIPlugin
2025-12-08 14:15:18,379 [INFO] IPUIPlugin:80 - create IPUIPlugin
2025-12-08 14:15:18,379 [INFO] IPUIPlugin:80 - create IPUIPlugin
2025-12-08 14:15:18,379 [INFO] IPUIPlugin:80 - create IPUIPlugin
2025-12-08 14:15:18,379 [INFO] IPUIPlugin:80 - create IPUIPlugin
2025-12-08 14:15:18,379 [INFO] IPUIPlugin:80 - create IPUIPlugin
2025-12-08 14:15:18,379 [INFO] IPUIPlugin:80 - create IPUIPlugin
2025-12-08 14:15:18,379 [INFO] IPUIPlugin:80 - create IPUIPlugin
2025-12-08 14:15:18,380 [INFO] IPUIPlugin:80 - create IPUIPlugin
2025-12-08 14:15:18,380 [INFO] IPUIPlugin:80 - create IPUIPlugin
2025-12-08 14:15:18,380 [INFO] IPUIPlugin:80 - create IPUIPlugin
2025-12-08 14:15:18,380 [INFO] IPUIPlugin:80 - create IPUIPlugin
2025-12-08 14:15:18,380 [INFO] IPUIPlugin:80 - create IPUIPlugin
2025-12-08 14:15:18,381 [INFO] IPUIPlugin:80 - create IPUIPlugin
2025-12-08 14:15:18,381 [INFO] IPUIPlugin:80 - create IPUIPlugin
2025-12-08 14:15:18,381 [INFO] IPUIPlugin:80 - create IPUIPlugin
2025-12-08 14:15:18,381 [INFO] IPUIPlugin:80 - create IPUIPlugin
2025-12-08 14:15:18,381 [INFO] IPUIPlugin:80 - create IPUIPlugin
2025-12-08 14:15:18,381 [INFO] IPUIPlugin:80 - create IPUIPlugin
2025-12-08 14:15:18,381 [INFO] IPUIPlugin:80 - create IPUIPlugin
2025-12-08 14:15:18,381 [INFO] IPUIPlugin:80 - create IPUIPlugin
2025-12-08 14:15:18,382 [INFO] IPUIPlugin:80 - create IPUIPlugin
2025-12-08 14:15:18,382 [INFO] IPUIPlugin:80 - create IPUIPlugin
2025-12-08 14:15:18,382 [INFO] IPUIPlugin:80 - create IPUIPlugin
2025-12-08 14:15:18,382 [INFO] IPUIPlugin:80 - create IPUIPlugin
2025-12-08 14:15:18,382 [INFO] IPUIPlugin:80 - create IPUIPlugin
2025-12-08 14:15:18,384 [INFO] IPUIPlugin:80 - create IPUIPlugin
2025-12-08 14:15:18,384 [INFO] IPUIPlugin:80 - create IPUIPlugin
2025-12-08 14:15:18,384 [INFO] IPUIPlugin:80 - create IPUIPlugin
2025-12-08 14:15:18,384 [INFO] IPUIPlugin:80 - create IPUIPlugin
2025-12-08 14:15:18,384 [INFO] IPUIPlugin:80 - create IPUIPlugin
2025-12-08 14:15:18,385 [INFO] IPUIPlugin:80 - create IPUIPlugin
2025-12-08 14:15:18,385 [INFO] IPUIPlugin:80 - create IPUIPlugin
2025-12-08 14:15:18,385 [INFO] IPUIPlugin:80 - create IPUIPlugin
2025-12-08 14:15:18,386 [INFO] IPUIPlugin:80 - create IPUIPlugin
2025-12-08 14:15:18,386 [INFO] IPUIPlugin:80 - create IPUIPlugin
2025-12-08 14:15:18,386 [INFO] IPUIPlugin:80 - create IPUIPlugin
2025-12-08 14:15:18,387 [INFO] IPUIPlugin:80 - create IPUIPlugin
2025-12-08 14:15:18,387 [INFO] IPUIPlugin:80 - create IPUIPlugin
2025-12-08 14:15:18,387 [INFO] IPUIPlugin:80 - create IPUIPlugin
2025-12-08 14:15:18,387 [INFO] IPUIPlugin:80 - create IPUIPlugin
2025-12-08 14:15:18,388 [INFO] IPUIPlugin:80 - create IPUIPlugin
2025-12-08 14:15:18,388 [INFO] IPUIPlugin:80 - create IPUIPlugin
2025-12-08 14:15:18,388 [INFO] IPUIPlugin:80 - create IPUIPlugin
2025-12-08 14:15:18,388 [INFO] IPUIPlugin:80 - create IPUIPlugin
2025-12-08 14:15:18,389 [INFO] IPUIPlugin:80 - create IPUIPlugin
2025-12-08 14:15:18,389 [INFO] IPUIPlugin:80 - create IPUIPlugin
2025-12-08 14:15:18,390 [INFO] IPUIPlugin:80 - create IPUIPlugin
2025-12-08 14:15:18,391 [INFO] IPUIPlugin:80 - create IPUIPlugin
2025-12-08 14:15:18,391 [INFO] IPUIPlugin:80 - create IPUIPlugin
2025-12-08 14:15:18,392 [INFO] IPUIPlugin:80 - create IPUIPlugin
2025-12-08 14:15:18,392 [INFO] IPUIPlugin:80 - create IPUIPlugin
2025-12-08 14:15:18,393 [INFO] IPUIPlugin:80 - create IPUIPlugin
2025-12-08 14:15:18,393 [INFO] IPUIPlugin:80 - create IPUIPlugin
2025-12-08 14:15:18,393 [INFO] IPUIPlugin:80 - create IPUIPlugin
2025-12-08 14:15:18,394 [INFO] IPUIPlugin:80 - create IPUIPlugin
2025-12-08 14:15:18,394 [INFO] IPUIPlugin:80 - create IPUIPlugin
2025-12-08 14:15:18,395 [INFO] IPUIPlugin:80 - create IPUIPlugin
2025-12-08 14:15:18,395 [INFO] IPUIPlugin:80 - create IPUIPlugin
2025-12-08 14:15:18,395 [INFO] IPUIPlugin:80 - create IPUIPlugin
2025-12-08 14:15:18,396 [INFO] IPUIPlugin:80 - create IPUIPlugin
2025-12-08 14:15:18,396 [INFO] IPUIPlugin:80 - create IPUIPlugin
2025-12-08 14:15:18,396 [INFO] IPUIPlugin:80 - create IPUIPlugin
2025-12-08 14:15:18,398 [INFO] IPUIPlugin:80 - create IPUIPlugin
2025-12-08 14:15:18,398 [INFO] IPUIPlugin:80 - create IPUIPlugin
2025-12-08 14:15:18,399 [INFO] IPUIPlugin:80 - create IPUIPlugin
2025-12-08 14:15:18,399 [INFO] IPUIPlugin:80 - create IPUIPlugin
2025-12-08 14:15:18,400 [INFO] IPUIPlugin:80 - create IPUIPlugin
2025-12-08 14:15:18,400 [INFO] IPUIPlugin:80 - create IPUIPlugin
2025-12-08 14:15:18,401 [INFO] IPUIPlugin:80 - create IPUIPlugin
2025-12-08 14:15:18,401 [INFO] IPUIPlugin:80 - create IPUIPlugin
2025-12-08 14:15:18,402 [INFO] IPUIPlugin:80 - create IPUIPlugin
2025-12-08 14:15:18,403 [INFO] IPUIPlugin:80 - create IPUIPlugin
2025-12-08 14:15:18,404 [INFO] IPUIPlugin:80 - create IPUIPlugin
2025-12-08 14:15:18,405 [INFO] IPUIPlugin:80 - create IPUIPlugin
2025-12-08 14:15:18,906 [INFO] CADModel:165 - CPN selected for project levelSTM32G474RET6
2025-12-08 14:15:18,906 [INFO] CADModel:114 - Register for checkConnection events
2025-12-08 14:15:18,999 [INFO] OpenFileManager:386 - Restore cursor
2025-12-08 14:19:18,920 [INFO] NvicIntPanel:101 - NVIC parent = com.st.microxplorer.plugins.ip.nvic.MultiNvicIntPanel[,0,0,0x0,invalid,layout=javax.swing.BoxLayout,alignmentX=0.0,alignmentY=0.0,border=,flags=9,maximumSize=,minimumSize=,preferredSize=]
2025-12-08 14:19:20,457 [INFO] NvicIntPanel:101 - NVIC parent = com.st.microxplorer.plugins.ip.nvic.MultiNvicIntPanel[,0,0,0x0,invalid,layout=javax.swing.BoxLayout,alignmentX=0.0,alignmentY=0.0,border=,flags=9,maximumSize=,minimumSize=,preferredSize=]
2025-12-08 14:19:24,826 [INFO] UtilMem:75 - End SaveConfig() Used Memory: 528369336 Bytes (616562688)
2025-12-08 14:19:27,196 [INFO] UtilMem:75 - End SaveConfig() Used Memory: 352242624 Bytes (616562688)
2025-12-08 14:19:28,021 [INFO] BlockDiagram:2775 - set Specific Code input for plugin: TIM1_8G4
2025-12-08 14:19:28,023 [INFO] BlockDiagram:2775 - set Specific Code input for plugin: TIM1_8G4
2025-12-08 14:19:28,023 [INFO] BlockDiagram:2775 - set Specific Code input for plugin: ADC
2025-12-08 14:19:28,023 [INFO] BlockDiagram:2775 - set Specific Code input for plugin: SYS
2025-12-08 14:19:28,023 [INFO] BlockDiagram:2775 - set Specific Code input for plugin: ADC
2025-12-08 14:19:28,023 [INFO] BlockDiagram:2775 - set Specific Code input for plugin: RCC
2025-12-08 14:19:28,023 [INFO] BlockDiagram:2775 - set Specific Code input for plugin: NVIC
2025-12-08 14:19:28,024 [INFO] BlockDiagram:2775 - set Specific Code input for plugin: USART
2025-12-08 14:19:28,024 [INFO] BlockDiagram:2775 - set Specific Code input for plugin: USART
2025-12-08 14:19:28,025 [INFO] BlockDiagram:2775 - set Specific Code input for plugin: GPIO
2025-12-08 14:19:28,027 [INFO] CodeGenerator:892 - code generatio: config db path: C:\ST\STM32CubeIDE_1.16.1\STM32CubeIDE\plugins\com.st.stm32cube.common.mx_6.15.0.202507011659\\db\
2025-12-08 14:19:28,370 [INFO] CodeEngine:265 - oldGeneratedFile, C:\Users\penel\Documents\ENSEA\3eme\ACTIONNEUR\2526_ESE_AAA_PENELUHAKKI\software\Base\MXTmpFiles\license.tmp_save
2025-12-08 14:19:29,062 [INFO] CodeEngine:289 - Generated code: C:\Users\penel\Documents\ENSEA\3eme\ACTIONNEUR\2526_ESE_AAA_PENELUHAKKI\software\Base\MXTmpFiles\license.tmp
2025-12-08 14:19:29,283 [INFO] CodeEngine:265 - oldGeneratedFile, C:\Users\penel\Documents\ENSEA\3eme\ACTIONNEUR\2526_ESE_AAA_PENELUHAKKI\software\Base\Core\Src\gpio.c_save
2025-12-08 14:19:29,596 [INFO] CodeEngine:289 - Generated code: C:\Users\penel\Documents\ENSEA\3eme\ACTIONNEUR\2526_ESE_AAA_PENELUHAKKI\software\Base\Core\Src\gpio.c
2025-12-08 14:19:29,612 [INFO] CodeEngine:265 - oldGeneratedFile, C:\Users\penel\Documents\ENSEA\3eme\ACTIONNEUR\2526_ESE_AAA_PENELUHAKKI\software\Base\Core\Inc\gpio.h_save
2025-12-08 14:19:29,863 [INFO] CodeEngine:289 - Generated code: C:\Users\penel\Documents\ENSEA\3eme\ACTIONNEUR\2526_ESE_AAA_PENELUHAKKI\software\Base\Core\Inc\gpio.h
2025-12-08 14:19:31,013 [INFO] CodeEngine:265 - oldGeneratedFile, C:\Users\penel\Documents\ENSEA\3eme\ACTIONNEUR\2526_ESE_AAA_PENELUHAKKI\software\Base\Core\Src\adc.c_save
2025-12-08 14:19:31,506 [INFO] CodeEngine:289 - Generated code: C:\Users\penel\Documents\ENSEA\3eme\ACTIONNEUR\2526_ESE_AAA_PENELUHAKKI\software\Base\Core\Src\adc.c
2025-12-08 14:19:31,525 [INFO] CodeEngine:265 - oldGeneratedFile, C:\Users\penel\Documents\ENSEA\3eme\ACTIONNEUR\2526_ESE_AAA_PENELUHAKKI\software\Base\Core\Inc\adc.h_save
2025-12-08 14:19:31,686 [INFO] CodeEngine:289 - Generated code: C:\Users\penel\Documents\ENSEA\3eme\ACTIONNEUR\2526_ESE_AAA_PENELUHAKKI\software\Base\Core\Inc\adc.h
2025-12-08 14:19:31,709 [INFO] CodeEngine:265 - oldGeneratedFile, C:\Users\penel\Documents\ENSEA\3eme\ACTIONNEUR\2526_ESE_AAA_PENELUHAKKI\software\Base\Core\Src\tim.c_save
2025-12-08 14:19:31,990 [INFO] CodeEngine:289 - Generated code: C:\Users\penel\Documents\ENSEA\3eme\ACTIONNEUR\2526_ESE_AAA_PENELUHAKKI\software\Base\Core\Src\tim.c
2025-12-08 14:19:32,004 [INFO] CodeEngine:265 - oldGeneratedFile, C:\Users\penel\Documents\ENSEA\3eme\ACTIONNEUR\2526_ESE_AAA_PENELUHAKKI\software\Base\Core\Inc\tim.h_save
2025-12-08 14:19:32,135 [INFO] CodeEngine:289 - Generated code: C:\Users\penel\Documents\ENSEA\3eme\ACTIONNEUR\2526_ESE_AAA_PENELUHAKKI\software\Base\Core\Inc\tim.h
2025-12-08 14:19:32,157 [INFO] CodeEngine:265 - oldGeneratedFile, C:\Users\penel\Documents\ENSEA\3eme\ACTIONNEUR\2526_ESE_AAA_PENELUHAKKI\software\Base\Core\Src\usart.c_save
2025-12-08 14:19:32,397 [INFO] CodeEngine:289 - Generated code: C:\Users\penel\Documents\ENSEA\3eme\ACTIONNEUR\2526_ESE_AAA_PENELUHAKKI\software\Base\Core\Src\usart.c
2025-12-08 14:19:32,409 [INFO] CodeEngine:265 - oldGeneratedFile, C:\Users\penel\Documents\ENSEA\3eme\ACTIONNEUR\2526_ESE_AAA_PENELUHAKKI\software\Base\Core\Inc\usart.h_save
2025-12-08 14:19:32,527 [INFO] CodeEngine:289 - Generated code: C:\Users\penel\Documents\ENSEA\3eme\ACTIONNEUR\2526_ESE_AAA_PENELUHAKKI\software\Base\Core\Inc\usart.h
2025-12-08 14:19:32,557 [INFO] CodeEngine:265 - oldGeneratedFile, C:\Users\penel\Documents\ENSEA\3eme\ACTIONNEUR\2526_ESE_AAA_PENELUHAKKI\software\Base\Core\Src\stm32g4xx_it.c_save
2025-12-08 14:19:32,801 [INFO] CodeEngine:289 - Generated code: C:\Users\penel\Documents\ENSEA\3eme\ACTIONNEUR\2526_ESE_AAA_PENELUHAKKI\software\Base\Core\Src\stm32g4xx_it.c
2025-12-08 14:19:32,814 [INFO] CodeEngine:265 - oldGeneratedFile, C:\Users\penel\Documents\ENSEA\3eme\ACTIONNEUR\2526_ESE_AAA_PENELUHAKKI\software\Base\Core\Inc\stm32g4xx_it.h_save
2025-12-08 14:19:32,930 [INFO] CodeEngine:289 - Generated code: C:\Users\penel\Documents\ENSEA\3eme\ACTIONNEUR\2526_ESE_AAA_PENELUHAKKI\software\Base\Core\Inc\stm32g4xx_it.h
2025-12-08 14:19:32,963 [INFO] CodeEngine:265 - oldGeneratedFile, C:\Users\penel\Documents\ENSEA\3eme\ACTIONNEUR\2526_ESE_AAA_PENELUHAKKI\software\Base\Core\Src\stm32g4xx_hal_msp.c_save
2025-12-08 14:19:33,221 [INFO] CodeEngine:289 - Generated code: C:\Users\penel\Documents\ENSEA\3eme\ACTIONNEUR\2526_ESE_AAA_PENELUHAKKI\software\Base\Core\Src\stm32g4xx_hal_msp.c
2025-12-08 14:19:33,240 [INFO] CodeEngine:265 - oldGeneratedFile, C:\Users\penel\Documents\ENSEA\3eme\ACTIONNEUR\2526_ESE_AAA_PENELUHAKKI\software\Base\MXTmpFiles\system.tmp_save
2025-12-08 14:19:33,355 [INFO] CodeEngine:289 - Generated code: C:\Users\penel\Documents\ENSEA\3eme\ACTIONNEUR\2526_ESE_AAA_PENELUHAKKI\software\Base\MXTmpFiles\system.tmp
2025-12-08 14:19:33,377 [INFO] CodeEngine:265 - oldGeneratedFile, C:\Users\penel\Documents\ENSEA\3eme\ACTIONNEUR\2526_ESE_AAA_PENELUHAKKI\software\Base\Core\Src\stm32g4xx_hal_timebase_tim.c_save
2025-12-08 14:19:33,498 [INFO] CodeEngine:289 - Generated code: C:\Users\penel\Documents\ENSEA\3eme\ACTIONNEUR\2526_ESE_AAA_PENELUHAKKI\software\Base\Core\Src\stm32g4xx_hal_timebase_tim.c
2025-12-08 14:19:33,518 [INFO] CodeEngine:321 - oldGeneratedFile, C:\Users\penel\Documents\ENSEA\3eme\ACTIONNEUR\2526_ESE_AAA_PENELUHAKKI\software\Base\Core\Inc\stm32g4xx_hal_conf.h_save
2025-12-08 14:19:33,696 [INFO] CodeEngine:345 - Generated code: C:\Users\penel\Documents\ENSEA\3eme\ACTIONNEUR\2526_ESE_AAA_PENELUHAKKI\software\Base\Core\Inc\stm32g4xx_hal_conf.h
2025-12-08 14:19:33,740 [WARN] IPConfigManager:3238 - Warning: the RefConfig RCC_CommonPeriphClockConfig is not available in your config.xml file
2025-12-08 14:19:33,748 [INFO] ApiDbMcu:532 - Load IP Config File for ADC1
2025-12-08 14:19:33,752 [INFO] ApiDbMcu:532 - Load IP Config File for ADC2
2025-12-08 14:19:33,786 [INFO] ApiDbMcu:532 - Load IP Config File for TIM1
2025-12-08 14:19:33,807 [INFO] ApiDbMcu:532 - Load IP Config File for TIM3
2025-12-08 14:19:33,820 [INFO] ApiDbMcu:532 - Load IP Config File for USART2
2025-12-08 14:19:33,836 [INFO] ApiDbMcu:532 - Load IP Config File for USART3
2025-12-08 14:19:33,840 [INFO] ApiDbMcu:532 - Load IP Config File for RCC
2025-12-08 14:19:33,864 [INFO] CodeEngine:265 - oldGeneratedFile, C:\Users\penel\Documents\ENSEA\3eme\ACTIONNEUR\2526_ESE_AAA_PENELUHAKKI\software\Base\Core\Inc\main.h_save
2025-12-08 14:19:34,092 [INFO] CodeEngine:289 - Generated code: C:\Users\penel\Documents\ENSEA\3eme\ACTIONNEUR\2526_ESE_AAA_PENELUHAKKI\software\Base\Core\Inc\main.h
2025-12-08 14:19:34,105 [INFO] CodeEngine:265 - oldGeneratedFile, C:\Users\penel\Documents\ENSEA\3eme\ACTIONNEUR\2526_ESE_AAA_PENELUHAKKI\software\Base\Core\Src\main.c_save
2025-12-08 14:19:34,323 [INFO] CodeEngine:289 - Generated code: C:\Users\penel\Documents\ENSEA\3eme\ACTIONNEUR\2526_ESE_AAA_PENELUHAKKI\software\Base\Core\Src\main.c
2025-12-08 14:19:34,992 [INFO] ProjectBuilder:3606 - Time for Copy HAL[1] : 382mS.
2025-12-08 14:19:35,015 [INFO] ProjectBuilder:5216 - Project Generator version: 4.7.0-B52
2025-12-08 14:19:35,135 [INFO] ConfigFileManager:1595 - The Die is : DIE469
2025-12-08 14:19:35,152 [INFO] ApiDbMcu:532 - Load IP Config File for FATFS
2025-12-08 14:19:35,174 [INFO] ApiDbMcu:532 - Load IP Config File for FREERTOS
2025-12-08 14:19:35,197 [INFO] ApiDbMcu:532 - Load IP Config File for USBPD
2025-12-08 14:19:35,240 [INFO] ApiDbMcu:532 - Load IP Config File for USB_DEVICE
2025-12-08 14:19:36,362 [INFO] LogOutputStream:77 - [STDOUT_REDIRECT] 
2025-12-08 14:19:39,549 [INFO] ProjectBuilder:5496 - Time for Generating toolchain IDE Files: 4531mS.
2025-12-08 14:19:39,551 [INFO] ProjectBuilder:3463 - Time for Copy CMSIS : 1mS.
2025-12-08 14:19:39,559 [INFO] ProjectBuilder:3463 - Time for Copy CMSIS : 0mS.
2025-12-08 14:20:23,108 [INFO] NvicIntPanel:101 - NVIC parent = com.st.microxplorer.plugins.ip.nvic.MultiNvicIntPanel[,0,0,0x0,invalid,layout=javax.swing.BoxLayout,alignmentX=0.0,alignmentY=0.0,border=,flags=9,maximumSize=,minimumSize=,preferredSize=]
2025-12-08 14:20:26,514 [INFO] NvicIntPanel:101 - NVIC parent = com.st.microxplorer.plugins.ip.nvic.MultiNvicIntPanel[,0,0,0x0,invalid,layout=javax.swing.BoxLayout,alignmentX=0.0,alignmentY=0.0,border=,flags=9,maximumSize=,minimumSize=,preferredSize=]
2025-12-08 14:20:48,252 [INFO] UtilMem:75 - End SaveConfig() Used Memory: 545692160 Bytes (771751936)
2025-12-08 14:20:49,671 [INFO] UtilMem:75 - End SaveConfig() Used Memory: 574003712 Bytes (771751936)
2025-12-08 14:20:51,807 [INFO] UtilMem:75 - End SaveConfig() Used Memory: 642161152 Bytes (771751936)
2025-12-08 14:20:52,263 [INFO] BlockDiagram:2775 - set Specific Code input for plugin: TIM1_8G4
2025-12-08 14:20:52,264 [INFO] BlockDiagram:2775 - set Specific Code input for plugin: TIM1_8G4
2025-12-08 14:20:52,264 [INFO] BlockDiagram:2775 - set Specific Code input for plugin: ADC
2025-12-08 14:20:52,265 [INFO] BlockDiagram:2775 - set Specific Code input for plugin: SYS
2025-12-08 14:20:52,265 [INFO] BlockDiagram:2775 - set Specific Code input for plugin: ADC
2025-12-08 14:20:52,265 [INFO] BlockDiagram:2775 - set Specific Code input for plugin: RCC
2025-12-08 14:20:52,265 [INFO] BlockDiagram:2775 - set Specific Code input for plugin: NVIC
2025-12-08 14:20:52,265 [INFO] BlockDiagram:2775 - set Specific Code input for plugin: USART
2025-12-08 14:20:52,265 [INFO] BlockDiagram:2775 - set Specific Code input for plugin: USART
2025-12-08 14:20:52,266 [INFO] BlockDiagram:2775 - set Specific Code input for plugin: GPIO
2025-12-08 14:20:52,268 [INFO] CodeGenerator:892 - code generatio: config db path: C:\ST\STM32CubeIDE_1.16.1\STM32CubeIDE\plugins\com.st.stm32cube.common.mx_6.15.0.202507011659\\db\
2025-12-08 14:20:52,512 [INFO] CodeEngine:265 - oldGeneratedFile, C:\Users\penel\Documents\ENSEA\3eme\ACTIONNEUR\2526_ESE_AAA_PENELUHAKKI\software\Base\MXTmpFiles\license.tmp_save
2025-12-08 14:20:52,673 [INFO] CodeEngine:289 - Generated code: C:\Users\penel\Documents\ENSEA\3eme\ACTIONNEUR\2526_ESE_AAA_PENELUHAKKI\software\Base\MXTmpFiles\license.tmp
2025-12-08 14:20:52,758 [INFO] CodeEngine:265 - oldGeneratedFile, C:\Users\penel\Documents\ENSEA\3eme\ACTIONNEUR\2526_ESE_AAA_PENELUHAKKI\software\Base\Core\Src\gpio.c_save
2025-12-08 14:20:52,935 [INFO] CodeEngine:289 - Generated code: C:\Users\penel\Documents\ENSEA\3eme\ACTIONNEUR\2526_ESE_AAA_PENELUHAKKI\software\Base\Core\Src\gpio.c
2025-12-08 14:20:52,948 [INFO] CodeEngine:265 - oldGeneratedFile, C:\Users\penel\Documents\ENSEA\3eme\ACTIONNEUR\2526_ESE_AAA_PENELUHAKKI\software\Base\Core\Inc\gpio.h_save
2025-12-08 14:20:53,017 [INFO] CodeEngine:289 - Generated code: C:\Users\penel\Documents\ENSEA\3eme\ACTIONNEUR\2526_ESE_AAA_PENELUHAKKI\software\Base\Core\Inc\gpio.h
2025-12-08 14:20:54,692 [INFO] CodeEngine:265 - oldGeneratedFile, C:\Users\penel\Documents\ENSEA\3eme\ACTIONNEUR\2526_ESE_AAA_PENELUHAKKI\software\Base\Core\Src\adc.c_save
2025-12-08 14:20:55,196 [INFO] CodeEngine:289 - Generated code: C:\Users\penel\Documents\ENSEA\3eme\ACTIONNEUR\2526_ESE_AAA_PENELUHAKKI\software\Base\Core\Src\adc.c
2025-12-08 14:20:55,223 [INFO] CodeEngine:265 - oldGeneratedFile, C:\Users\penel\Documents\ENSEA\3eme\ACTIONNEUR\2526_ESE_AAA_PENELUHAKKI\software\Base\Core\Inc\adc.h_save
2025-12-08 14:20:55,497 [INFO] CodeEngine:289 - Generated code: C:\Users\penel\Documents\ENSEA\3eme\ACTIONNEUR\2526_ESE_AAA_PENELUHAKKI\software\Base\Core\Inc\adc.h
2025-12-08 14:20:55,548 [INFO] CodeEngine:265 - oldGeneratedFile, C:\Users\penel\Documents\ENSEA\3eme\ACTIONNEUR\2526_ESE_AAA_PENELUHAKKI\software\Base\Core\Src\tim.c_save
2025-12-08 14:20:56,179 [INFO] CodeEngine:289 - Generated code: C:\Users\penel\Documents\ENSEA\3eme\ACTIONNEUR\2526_ESE_AAA_PENELUHAKKI\software\Base\Core\Src\tim.c
2025-12-08 14:20:56,202 [INFO] CodeEngine:265 - oldGeneratedFile, C:\Users\penel\Documents\ENSEA\3eme\ACTIONNEUR\2526_ESE_AAA_PENELUHAKKI\software\Base\Core\Inc\tim.h_save
2025-12-08 14:20:56,505 [INFO] CodeEngine:289 - Generated code: C:\Users\penel\Documents\ENSEA\3eme\ACTIONNEUR\2526_ESE_AAA_PENELUHAKKI\software\Base\Core\Inc\tim.h
2025-12-08 14:20:56,534 [INFO] CodeEngine:265 - oldGeneratedFile, C:\Users\penel\Documents\ENSEA\3eme\ACTIONNEUR\2526_ESE_AAA_PENELUHAKKI\software\Base\Core\Src\usart.c_save
2025-12-08 14:20:57,012 [INFO] CodeEngine:289 - Generated code: C:\Users\penel\Documents\ENSEA\3eme\ACTIONNEUR\2526_ESE_AAA_PENELUHAKKI\software\Base\Core\Src\usart.c
2025-12-08 14:20:57,031 [INFO] CodeEngine:265 - oldGeneratedFile, C:\Users\penel\Documents\ENSEA\3eme\ACTIONNEUR\2526_ESE_AAA_PENELUHAKKI\software\Base\Core\Inc\usart.h_save
2025-12-08 14:20:57,210 [INFO] CodeEngine:289 - Generated code: C:\Users\penel\Documents\ENSEA\3eme\ACTIONNEUR\2526_ESE_AAA_PENELUHAKKI\software\Base\Core\Inc\usart.h
2025-12-08 14:20:57,251 [INFO] CodeEngine:265 - oldGeneratedFile, C:\Users\penel\Documents\ENSEA\3eme\ACTIONNEUR\2526_ESE_AAA_PENELUHAKKI\software\Base\Core\Src\stm32g4xx_it.c_save
2025-12-08 14:20:57,458 [INFO] CodeEngine:289 - Generated code: C:\Users\penel\Documents\ENSEA\3eme\ACTIONNEUR\2526_ESE_AAA_PENELUHAKKI\software\Base\Core\Src\stm32g4xx_it.c
2025-12-08 14:20:57,470 [INFO] CodeEngine:265 - oldGeneratedFile, C:\Users\penel\Documents\ENSEA\3eme\ACTIONNEUR\2526_ESE_AAA_PENELUHAKKI\software\Base\Core\Inc\stm32g4xx_it.h_save
2025-12-08 14:20:57,619 [INFO] CodeEngine:289 - Generated code: C:\Users\penel\Documents\ENSEA\3eme\ACTIONNEUR\2526_ESE_AAA_PENELUHAKKI\software\Base\Core\Inc\stm32g4xx_it.h
2025-12-08 14:20:57,659 [INFO] CodeEngine:265 - oldGeneratedFile, C:\Users\penel\Documents\ENSEA\3eme\ACTIONNEUR\2526_ESE_AAA_PENELUHAKKI\software\Base\Core\Src\stm32g4xx_hal_msp.c_save
2025-12-08 14:20:58,090 [INFO] CodeEngine:289 - Generated code: C:\Users\penel\Documents\ENSEA\3eme\ACTIONNEUR\2526_ESE_AAA_PENELUHAKKI\software\Base\Core\Src\stm32g4xx_hal_msp.c
2025-12-08 14:20:58,113 [INFO] CodeEngine:265 - oldGeneratedFile, C:\Users\penel\Documents\ENSEA\3eme\ACTIONNEUR\2526_ESE_AAA_PENELUHAKKI\software\Base\MXTmpFiles\system.tmp_save
2025-12-08 14:20:58,306 [INFO] CodeEngine:289 - Generated code: C:\Users\penel\Documents\ENSEA\3eme\ACTIONNEUR\2526_ESE_AAA_PENELUHAKKI\software\Base\MXTmpFiles\system.tmp
2025-12-08 14:20:58,334 [INFO] CodeEngine:265 - oldGeneratedFile, C:\Users\penel\Documents\ENSEA\3eme\ACTIONNEUR\2526_ESE_AAA_PENELUHAKKI\software\Base\Core\Src\stm32g4xx_hal_timebase_tim.c_save
2025-12-08 14:20:58,505 [INFO] CodeEngine:289 - Generated code: C:\Users\penel\Documents\ENSEA\3eme\ACTIONNEUR\2526_ESE_AAA_PENELUHAKKI\software\Base\Core\Src\stm32g4xx_hal_timebase_tim.c
2025-12-08 14:20:58,534 [INFO] CodeEngine:321 - oldGeneratedFile, C:\Users\penel\Documents\ENSEA\3eme\ACTIONNEUR\2526_ESE_AAA_PENELUHAKKI\software\Base\Core\Inc\stm32g4xx_hal_conf.h_save
2025-12-08 14:20:58,902 [INFO] CodeEngine:345 - Generated code: C:\Users\penel\Documents\ENSEA\3eme\ACTIONNEUR\2526_ESE_AAA_PENELUHAKKI\software\Base\Core\Inc\stm32g4xx_hal_conf.h
2025-12-08 14:20:58,969 [WARN] IPConfigManager:3238 - Warning: the RefConfig RCC_CommonPeriphClockConfig is not available in your config.xml file
2025-12-08 14:20:58,993 [INFO] CodeEngine:265 - oldGeneratedFile, C:\Users\penel\Documents\ENSEA\3eme\ACTIONNEUR\2526_ESE_AAA_PENELUHAKKI\software\Base\Core\Inc\main.h_save
2025-12-08 14:20:59,199 [INFO] CodeEngine:289 - Generated code: C:\Users\penel\Documents\ENSEA\3eme\ACTIONNEUR\2526_ESE_AAA_PENELUHAKKI\software\Base\Core\Inc\main.h
2025-12-08 14:20:59,215 [INFO] CodeEngine:265 - oldGeneratedFile, C:\Users\penel\Documents\ENSEA\3eme\ACTIONNEUR\2526_ESE_AAA_PENELUHAKKI\software\Base\Core\Src\main.c_save
2025-12-08 14:20:59,518 [INFO] CodeEngine:289 - Generated code: C:\Users\penel\Documents\ENSEA\3eme\ACTIONNEUR\2526_ESE_AAA_PENELUHAKKI\software\Base\Core\Src\main.c
2025-12-08 14:21:00,563 [INFO] ProjectBuilder:3606 - Time for Copy HAL[1] : 395mS.
2025-12-08 14:21:00,573 [INFO] ProjectBuilder:5216 - Project Generator version: 4.7.0-B52
2025-12-08 14:21:00,818 [INFO] ConfigFileManager:1595 - The Die is : DIE469
2025-12-08 14:21:02,907 [INFO] ProjectBuilder:5496 - Time for Generating toolchain IDE Files: 2334mS.
2025-12-08 14:21:02,909 [INFO] ProjectBuilder:3463 - Time for Copy CMSIS : 1mS.
2025-12-08 14:21:02,921 [INFO] ProjectBuilder:3463 - Time for Copy CMSIS : 0mS.
2025-12-08 14:22:27,433 [INFO] NvicIntPanel:101 - NVIC parent = com.st.microxplorer.plugins.ip.nvic.MultiNvicIntPanel[,0,0,0x0,invalid,layout=javax.swing.BoxLayout,alignmentX=0.0,alignmentY=0.0,border=,flags=9,maximumSize=,minimumSize=,preferredSize=]
2025-12-08 14:22:47,910 [INFO] NvicIntPanel:101 - NVIC parent = com.st.microxplorer.plugins.ip.nvic.MultiNvicIntPanel[,0,0,0x0,invalid,layout=javax.swing.BoxLayout,alignmentX=0.0,alignmentY=0.0,border=,flags=9,maximumSize=,minimumSize=,preferredSize=]
2025-12-08 14:22:52,119 [INFO] UtilMem:75 - End SaveConfig() Used Memory: 344955656 Bytes (771751936)
2025-12-08 14:22:53,181 [INFO] UtilMem:75 - End SaveConfig() Used Memory: 373267208 Bytes (771751936)
2025-12-08 14:22:55,024 [INFO] UtilMem:75 - End SaveConfig() Used Memory: 429368072 Bytes (771751936)
2025-12-08 14:22:55,349 [INFO] BlockDiagram:2775 - set Specific Code input for plugin: TIM1_8G4
2025-12-08 14:22:55,349 [INFO] BlockDiagram:2775 - set Specific Code input for plugin: TIM1_8G4
2025-12-08 14:22:55,349 [INFO] BlockDiagram:2775 - set Specific Code input for plugin: ADC
2025-12-08 14:22:55,349 [INFO] BlockDiagram:2775 - set Specific Code input for plugin: SYS
2025-12-08 14:22:55,350 [INFO] BlockDiagram:2775 - set Specific Code input for plugin: ADC
2025-12-08 14:22:55,350 [INFO] BlockDiagram:2775 - set Specific Code input for plugin: RCC
2025-12-08 14:22:55,350 [INFO] BlockDiagram:2775 - set Specific Code input for plugin: NVIC
2025-12-08 14:22:55,350 [INFO] BlockDiagram:2775 - set Specific Code input for plugin: USART
2025-12-08 14:22:55,350 [INFO] BlockDiagram:2775 - set Specific Code input for plugin: USART
2025-12-08 14:22:55,351 [INFO] BlockDiagram:2775 - set Specific Code input for plugin: GPIO
2025-12-08 14:22:55,352 [INFO] CodeGenerator:892 - code generatio: config db path: C:\ST\STM32CubeIDE_1.16.1\STM32CubeIDE\plugins\com.st.stm32cube.common.mx_6.15.0.202507011659\\db\
2025-12-08 14:22:55,490 [INFO] CodeEngine:265 - oldGeneratedFile, C:\Users\penel\Documents\ENSEA\3eme\ACTIONNEUR\2526_ESE_AAA_PENELUHAKKI\software\Base\MXTmpFiles\license.tmp_save
2025-12-08 14:22:55,614 [INFO] CodeEngine:289 - Generated code: C:\Users\penel\Documents\ENSEA\3eme\ACTIONNEUR\2526_ESE_AAA_PENELUHAKKI\software\Base\MXTmpFiles\license.tmp
2025-12-08 14:22:55,695 [INFO] CodeEngine:265 - oldGeneratedFile, C:\Users\penel\Documents\ENSEA\3eme\ACTIONNEUR\2526_ESE_AAA_PENELUHAKKI\software\Base\Core\Src\gpio.c_save
2025-12-08 14:22:55,866 [INFO] CodeEngine:289 - Generated code: C:\Users\penel\Documents\ENSEA\3eme\ACTIONNEUR\2526_ESE_AAA_PENELUHAKKI\software\Base\Core\Src\gpio.c
2025-12-08 14:22:55,876 [INFO] CodeEngine:265 - oldGeneratedFile, C:\Users\penel\Documents\ENSEA\3eme\ACTIONNEUR\2526_ESE_AAA_PENELUHAKKI\software\Base\Core\Inc\gpio.h_save
2025-12-08 14:22:55,945 [INFO] CodeEngine:289 - Generated code: C:\Users\penel\Documents\ENSEA\3eme\ACTIONNEUR\2526_ESE_AAA_PENELUHAKKI\software\Base\Core\Inc\gpio.h
2025-12-08 14:22:56,553 [INFO] CodeEngine:265 - oldGeneratedFile, C:\Users\penel\Documents\ENSEA\3eme\ACTIONNEUR\2526_ESE_AAA_PENELUHAKKI\software\Base\Core\Src\adc.c_save
2025-12-08 14:22:56,765 [INFO] CodeEngine:289 - Generated code: C:\Users\penel\Documents\ENSEA\3eme\ACTIONNEUR\2526_ESE_AAA_PENELUHAKKI\software\Base\Core\Src\adc.c
2025-12-08 14:22:56,775 [INFO] CodeEngine:265 - oldGeneratedFile, C:\Users\penel\Documents\ENSEA\3eme\ACTIONNEUR\2526_ESE_AAA_PENELUHAKKI\software\Base\Core\Inc\adc.h_save
2025-12-08 14:22:56,848 [INFO] CodeEngine:289 - Generated code: C:\Users\penel\Documents\ENSEA\3eme\ACTIONNEUR\2526_ESE_AAA_PENELUHAKKI\software\Base\Core\Inc\adc.h
2025-12-08 14:22:56,865 [INFO] CodeEngine:265 - oldGeneratedFile, C:\Users\penel\Documents\ENSEA\3eme\ACTIONNEUR\2526_ESE_AAA_PENELUHAKKI\software\Base\Core\Src\tim.c_save
2025-12-08 14:22:57,084 [INFO] CodeEngine:289 - Generated code: C:\Users\penel\Documents\ENSEA\3eme\ACTIONNEUR\2526_ESE_AAA_PENELUHAKKI\software\Base\Core\Src\tim.c
2025-12-08 14:22:57,096 [INFO] CodeEngine:265 - oldGeneratedFile, C:\Users\penel\Documents\ENSEA\3eme\ACTIONNEUR\2526_ESE_AAA_PENELUHAKKI\software\Base\Core\Inc\tim.h_save
2025-12-08 14:22:57,163 [INFO] CodeEngine:289 - Generated code: C:\Users\penel\Documents\ENSEA\3eme\ACTIONNEUR\2526_ESE_AAA_PENELUHAKKI\software\Base\Core\Inc\tim.h
2025-12-08 14:22:57,180 [INFO] CodeEngine:265 - oldGeneratedFile, C:\Users\penel\Documents\ENSEA\3eme\ACTIONNEUR\2526_ESE_AAA_PENELUHAKKI\software\Base\Core\Src\usart.c_save
2025-12-08 14:22:57,347 [INFO] CodeEngine:289 - Generated code: C:\Users\penel\Documents\ENSEA\3eme\ACTIONNEUR\2526_ESE_AAA_PENELUHAKKI\software\Base\Core\Src\usart.c
2025-12-08 14:22:57,360 [INFO] CodeEngine:265 - oldGeneratedFile, C:\Users\penel\Documents\ENSEA\3eme\ACTIONNEUR\2526_ESE_AAA_PENELUHAKKI\software\Base\Core\Inc\usart.h_save
2025-12-08 14:22:57,429 [INFO] CodeEngine:289 - Generated code: C:\Users\penel\Documents\ENSEA\3eme\ACTIONNEUR\2526_ESE_AAA_PENELUHAKKI\software\Base\Core\Inc\usart.h
2025-12-08 14:22:57,452 [INFO] CodeEngine:265 - oldGeneratedFile, C:\Users\penel\Documents\ENSEA\3eme\ACTIONNEUR\2526_ESE_AAA_PENELUHAKKI\software\Base\Core\Src\stm32g4xx_it.c_save
2025-12-08 14:22:57,641 [INFO] CodeEngine:289 - Generated code: C:\Users\penel\Documents\ENSEA\3eme\ACTIONNEUR\2526_ESE_AAA_PENELUHAKKI\software\Base\Core\Src\stm32g4xx_it.c
2025-12-08 14:22:57,651 [INFO] CodeEngine:265 - oldGeneratedFile, C:\Users\penel\Documents\ENSEA\3eme\ACTIONNEUR\2526_ESE_AAA_PENELUHAKKI\software\Base\Core\Inc\stm32g4xx_it.h_save
2025-12-08 14:22:57,722 [INFO] CodeEngine:289 - Generated code: C:\Users\penel\Documents\ENSEA\3eme\ACTIONNEUR\2526_ESE_AAA_PENELUHAKKI\software\Base\Core\Inc\stm32g4xx_it.h
2025-12-08 14:22:57,754 [INFO] CodeEngine:265 - oldGeneratedFile, C:\Users\penel\Documents\ENSEA\3eme\ACTIONNEUR\2526_ESE_AAA_PENELUHAKKI\software\Base\Core\Src\stm32g4xx_hal_msp.c_save
2025-12-08 14:22:58,085 [INFO] CodeEngine:289 - Generated code: C:\Users\penel\Documents\ENSEA\3eme\ACTIONNEUR\2526_ESE_AAA_PENELUHAKKI\software\Base\Core\Src\stm32g4xx_hal_msp.c
2025-12-08 14:22:58,104 [INFO] CodeEngine:265 - oldGeneratedFile, C:\Users\penel\Documents\ENSEA\3eme\ACTIONNEUR\2526_ESE_AAA_PENELUHAKKI\software\Base\MXTmpFiles\system.tmp_save
2025-12-08 14:22:58,216 [INFO] CodeEngine:289 - Generated code: C:\Users\penel\Documents\ENSEA\3eme\ACTIONNEUR\2526_ESE_AAA_PENELUHAKKI\software\Base\MXTmpFiles\system.tmp
2025-12-08 14:22:58,236 [INFO] CodeEngine:265 - oldGeneratedFile, C:\Users\penel\Documents\ENSEA\3eme\ACTIONNEUR\2526_ESE_AAA_PENELUHAKKI\software\Base\Core\Src\stm32g4xx_hal_timebase_tim.c_save
2025-12-08 14:22:58,417 [INFO] CodeEngine:289 - Generated code: C:\Users\penel\Documents\ENSEA\3eme\ACTIONNEUR\2526_ESE_AAA_PENELUHAKKI\software\Base\Core\Src\stm32g4xx_hal_timebase_tim.c
2025-12-08 14:22:58,454 [INFO] CodeEngine:321 - oldGeneratedFile, C:\Users\penel\Documents\ENSEA\3eme\ACTIONNEUR\2526_ESE_AAA_PENELUHAKKI\software\Base\Core\Inc\stm32g4xx_hal_conf.h_save
2025-12-08 14:22:58,792 [INFO] CodeEngine:345 - Generated code: C:\Users\penel\Documents\ENSEA\3eme\ACTIONNEUR\2526_ESE_AAA_PENELUHAKKI\software\Base\Core\Inc\stm32g4xx_hal_conf.h
2025-12-08 14:22:58,860 [WARN] IPConfigManager:3238 - Warning: the RefConfig RCC_CommonPeriphClockConfig is not available in your config.xml file
2025-12-08 14:22:58,887 [INFO] CodeEngine:265 - oldGeneratedFile, C:\Users\penel\Documents\ENSEA\3eme\ACTIONNEUR\2526_ESE_AAA_PENELUHAKKI\software\Base\Core\Inc\main.h_save
2025-12-08 14:22:59,197 [INFO] CodeEngine:289 - Generated code: C:\Users\penel\Documents\ENSEA\3eme\ACTIONNEUR\2526_ESE_AAA_PENELUHAKKI\software\Base\Core\Inc\main.h
2025-12-08 14:22:59,223 [INFO] CodeEngine:265 - oldGeneratedFile, C:\Users\penel\Documents\ENSEA\3eme\ACTIONNEUR\2526_ESE_AAA_PENELUHAKKI\software\Base\Core\Src\main.c_save
2025-12-08 14:22:59,545 [INFO] CodeEngine:289 - Generated code: C:\Users\penel\Documents\ENSEA\3eme\ACTIONNEUR\2526_ESE_AAA_PENELUHAKKI\software\Base\Core\Src\main.c
2025-12-08 14:23:00,828 [INFO] ProjectBuilder:3606 - Time for Copy HAL[1] : 605mS.
2025-12-08 14:23:00,841 [INFO] ProjectBuilder:5216 - Project Generator version: 4.7.0-B52
2025-12-08 14:23:01,199 [INFO] ConfigFileManager:1595 - The Die is : DIE469
2025-12-08 14:23:03,653 [INFO] ProjectBuilder:5496 - Time for Generating toolchain IDE Files: 2811mS.
2025-12-08 14:23:03,654 [INFO] ProjectBuilder:3463 - Time for Copy CMSIS : 1mS.
2025-12-08 14:23:03,676 [INFO] ProjectBuilder:3463 - Time for Copy CMSIS : 0mS.
2025-12-08 14:23:44,287 [INFO] NvicIntPanel:101 - NVIC parent = com.st.microxplorer.plugins.ip.nvic.MultiNvicIntPanel[,0,0,0x0,invalid,layout=javax.swing.BoxLayout,alignmentX=0.0,alignmentY=0.0,border=,flags=9,maximumSize=,minimumSize=,preferredSize=]
2025-12-08 14:23:51,296 [INFO] NvicIntPanel:101 - NVIC parent = com.st.microxplorer.plugins.ip.nvic.MultiNvicIntPanel[,0,0,0x0,invalid,layout=javax.swing.BoxLayout,alignmentX=0.0,alignmentY=0.0,border=,flags=9,maximumSize=,minimumSize=,preferredSize=]
2025-12-08 14:23:52,556 [INFO] NvicIntPanel:101 - NVIC parent = com.st.microxplorer.plugins.ip.nvic.MultiNvicIntPanel[,0,0,0x0,invalid,layout=javax.swing.BoxLayout,alignmentX=0.0,alignmentY=0.0,border=,flags=9,maximumSize=,minimumSize=,preferredSize=]
2025-12-08 14:23:53,915 [INFO] NvicIntPanel:101 - NVIC parent = com.st.microxplorer.plugins.ip.nvic.MultiNvicIntPanel[,0,0,0x0,invalid,layout=javax.swing.BoxLayout,alignmentX=0.0,alignmentY=0.0,border=,flags=9,maximumSize=,minimumSize=,preferredSize=]
2025-12-08 14:23:55,209 [INFO] NvicIntPanel:101 - NVIC parent = com.st.microxplorer.plugins.ip.nvic.MultiNvicIntPanel[,0,0,0x0,invalid,layout=javax.swing.BoxLayout,alignmentX=0.0,alignmentY=0.0,border=,flags=9,maximumSize=,minimumSize=,preferredSize=]
2025-12-08 14:23:58,565 [INFO] UtilMem:75 - End SaveConfig() Used Memory: 346695392 Bytes (771751936)
2025-12-08 14:24:00,186 [INFO] UtilMem:75 - End SaveConfig() Used Memory: 375533280 Bytes (771751936)
2025-12-08 14:24:02,245 [INFO] UtilMem:75 - End SaveConfig() Used Memory: 477245152 Bytes (771751936)
2025-12-08 14:24:02,654 [INFO] BlockDiagram:2775 - set Specific Code input for plugin: TIM1_8G4
2025-12-08 14:24:02,655 [INFO] BlockDiagram:2775 - set Specific Code input for plugin: TIM1_8G4
2025-12-08 14:24:02,655 [INFO] BlockDiagram:2775 - set Specific Code input for plugin: ADC
2025-12-08 14:24:02,655 [INFO] BlockDiagram:2775 - set Specific Code input for plugin: SYS
2025-12-08 14:24:02,655 [INFO] BlockDiagram:2775 - set Specific Code input for plugin: ADC
2025-12-08 14:24:02,655 [INFO] BlockDiagram:2775 - set Specific Code input for plugin: RCC
2025-12-08 14:24:02,655 [INFO] BlockDiagram:2775 - set Specific Code input for plugin: NVIC
2025-12-08 14:24:02,655 [INFO] BlockDiagram:2775 - set Specific Code input for plugin: USART
2025-12-08 14:24:02,655 [INFO] BlockDiagram:2775 - set Specific Code input for plugin: USART
2025-12-08 14:24:02,656 [INFO] BlockDiagram:2775 - set Specific Code input for plugin: GPIO
2025-12-08 14:24:02,658 [INFO] CodeGenerator:892 - code generatio: config db path: C:\ST\STM32CubeIDE_1.16.1\STM32CubeIDE\plugins\com.st.stm32cube.common.mx_6.15.0.202507011659\\db\
2025-12-08 14:24:02,798 [INFO] CodeEngine:265 - oldGeneratedFile, C:\Users\penel\Documents\ENSEA\3eme\ACTIONNEUR\2526_ESE_AAA_PENELUHAKKI\software\Base\MXTmpFiles\license.tmp_save
2025-12-08 14:24:02,929 [INFO] CodeEngine:289 - Generated code: C:\Users\penel\Documents\ENSEA\3eme\ACTIONNEUR\2526_ESE_AAA_PENELUHAKKI\software\Base\MXTmpFiles\license.tmp
2025-12-08 14:24:03,014 [INFO] CodeEngine:265 - oldGeneratedFile, C:\Users\penel\Documents\ENSEA\3eme\ACTIONNEUR\2526_ESE_AAA_PENELUHAKKI\software\Base\Core\Src\gpio.c_save
2025-12-08 14:24:03,152 [INFO] CodeEngine:289 - Generated code: C:\Users\penel\Documents\ENSEA\3eme\ACTIONNEUR\2526_ESE_AAA_PENELUHAKKI\software\Base\Core\Src\gpio.c
2025-12-08 14:24:03,162 [INFO] CodeEngine:265 - oldGeneratedFile, C:\Users\penel\Documents\ENSEA\3eme\ACTIONNEUR\2526_ESE_AAA_PENELUHAKKI\software\Base\Core\Inc\gpio.h_save
2025-12-08 14:24:03,229 [INFO] CodeEngine:289 - Generated code: C:\Users\penel\Documents\ENSEA\3eme\ACTIONNEUR\2526_ESE_AAA_PENELUHAKKI\software\Base\Core\Inc\gpio.h
2025-12-08 14:24:04,115 [INFO] CodeEngine:265 - oldGeneratedFile, C:\Users\penel\Documents\ENSEA\3eme\ACTIONNEUR\2526_ESE_AAA_PENELUHAKKI\software\Base\Core\Src\adc.c_save
2025-12-08 14:24:04,503 [INFO] CodeEngine:289 - Generated code: C:\Users\penel\Documents\ENSEA\3eme\ACTIONNEUR\2526_ESE_AAA_PENELUHAKKI\software\Base\Core\Src\adc.c
2025-12-08 14:24:04,525 [INFO] CodeEngine:265 - oldGeneratedFile, C:\Users\penel\Documents\ENSEA\3eme\ACTIONNEUR\2526_ESE_AAA_PENELUHAKKI\software\Base\Core\Inc\adc.h_save
2025-12-08 14:24:04,663 [INFO] CodeEngine:289 - Generated code: C:\Users\penel\Documents\ENSEA\3eme\ACTIONNEUR\2526_ESE_AAA_PENELUHAKKI\software\Base\Core\Inc\adc.h
2025-12-08 14:24:04,696 [INFO] CodeEngine:265 - oldGeneratedFile, C:\Users\penel\Documents\ENSEA\3eme\ACTIONNEUR\2526_ESE_AAA_PENELUHAKKI\software\Base\Core\Src\tim.c_save
2025-12-08 14:24:05,106 [INFO] CodeEngine:289 - Generated code: C:\Users\penel\Documents\ENSEA\3eme\ACTIONNEUR\2526_ESE_AAA_PENELUHAKKI\software\Base\Core\Src\tim.c
2025-12-08 14:24:05,130 [INFO] CodeEngine:265 - oldGeneratedFile, C:\Users\penel\Documents\ENSEA\3eme\ACTIONNEUR\2526_ESE_AAA_PENELUHAKKI\software\Base\Core\Inc\tim.h_save
2025-12-08 14:24:05,292 [INFO] CodeEngine:289 - Generated code: C:\Users\penel\Documents\ENSEA\3eme\ACTIONNEUR\2526_ESE_AAA_PENELUHAKKI\software\Base\Core\Inc\tim.h
2025-12-08 14:24:05,324 [INFO] CodeEngine:265 - oldGeneratedFile, C:\Users\penel\Documents\ENSEA\3eme\ACTIONNEUR\2526_ESE_AAA_PENELUHAKKI\software\Base\Core\Src\usart.c_save
2025-12-08 14:24:05,644 [INFO] CodeEngine:289 - Generated code: C:\Users\penel\Documents\ENSEA\3eme\ACTIONNEUR\2526_ESE_AAA_PENELUHAKKI\software\Base\Core\Src\usart.c
2025-12-08 14:24:05,663 [INFO] CodeEngine:265 - oldGeneratedFile, C:\Users\penel\Documents\ENSEA\3eme\ACTIONNEUR\2526_ESE_AAA_PENELUHAKKI\software\Base\Core\Inc\usart.h_save
2025-12-08 14:24:05,819 [INFO] CodeEngine:289 - Generated code: C:\Users\penel\Documents\ENSEA\3eme\ACTIONNEUR\2526_ESE_AAA_PENELUHAKKI\software\Base\Core\Inc\usart.h
2025-12-08 14:24:05,861 [INFO] CodeEngine:265 - oldGeneratedFile, C:\Users\penel\Documents\ENSEA\3eme\ACTIONNEUR\2526_ESE_AAA_PENELUHAKKI\software\Base\Core\Src\stm32g4xx_it.c_save
2025-12-08 14:24:06,150 [INFO] CodeEngine:289 - Generated code: C:\Users\penel\Documents\ENSEA\3eme\ACTIONNEUR\2526_ESE_AAA_PENELUHAKKI\software\Base\Core\Src\stm32g4xx_it.c
2025-12-08 14:24:06,163 [INFO] CodeEngine:265 - oldGeneratedFile, C:\Users\penel\Documents\ENSEA\3eme\ACTIONNEUR\2526_ESE_AAA_PENELUHAKKI\software\Base\Core\Inc\stm32g4xx_it.h_save
2025-12-08 14:24:06,300 [INFO] CodeEngine:289 - Generated code: C:\Users\penel\Documents\ENSEA\3eme\ACTIONNEUR\2526_ESE_AAA_PENELUHAKKI\software\Base\Core\Inc\stm32g4xx_it.h
2025-12-08 14:24:06,393 [INFO] CodeEngine:265 - oldGeneratedFile, C:\Users\penel\Documents\ENSEA\3eme\ACTIONNEUR\2526_ESE_AAA_PENELUHAKKI\software\Base\Core\Src\stm32g4xx_hal_msp.c_save
2025-12-08 14:24:06,634 [INFO] CodeEngine:289 - Generated code: C:\Users\penel\Documents\ENSEA\3eme\ACTIONNEUR\2526_ESE_AAA_PENELUHAKKI\software\Base\Core\Src\stm32g4xx_hal_msp.c
2025-12-08 14:24:06,649 [INFO] CodeEngine:265 - oldGeneratedFile, C:\Users\penel\Documents\ENSEA\3eme\ACTIONNEUR\2526_ESE_AAA_PENELUHAKKI\software\Base\MXTmpFiles\system.tmp_save
2025-12-08 14:24:06,782 [INFO] CodeEngine:289 - Generated code: C:\Users\penel\Documents\ENSEA\3eme\ACTIONNEUR\2526_ESE_AAA_PENELUHAKKI\software\Base\MXTmpFiles\system.tmp
2025-12-08 14:24:06,804 [INFO] CodeEngine:265 - oldGeneratedFile, C:\Users\penel\Documents\ENSEA\3eme\ACTIONNEUR\2526_ESE_AAA_PENELUHAKKI\software\Base\Core\Src\stm32g4xx_hal_timebase_tim.c_save
2025-12-08 14:24:06,983 [INFO] CodeEngine:289 - Generated code: C:\Users\penel\Documents\ENSEA\3eme\ACTIONNEUR\2526_ESE_AAA_PENELUHAKKI\software\Base\Core\Src\stm32g4xx_hal_timebase_tim.c
2025-12-08 14:24:07,026 [INFO] CodeEngine:321 - oldGeneratedFile, C:\Users\penel\Documents\ENSEA\3eme\ACTIONNEUR\2526_ESE_AAA_PENELUHAKKI\software\Base\Core\Inc\stm32g4xx_hal_conf.h_save
2025-12-08 14:24:07,345 [INFO] CodeEngine:345 - Generated code: C:\Users\penel\Documents\ENSEA\3eme\ACTIONNEUR\2526_ESE_AAA_PENELUHAKKI\software\Base\Core\Inc\stm32g4xx_hal_conf.h
2025-12-08 14:24:07,403 [WARN] IPConfigManager:3238 - Warning: the RefConfig RCC_CommonPeriphClockConfig is not available in your config.xml file
2025-12-08 14:24:07,434 [INFO] CodeEngine:265 - oldGeneratedFile, C:\Users\penel\Documents\ENSEA\3eme\ACTIONNEUR\2526_ESE_AAA_PENELUHAKKI\software\Base\Core\Inc\main.h_save
2025-12-08 14:24:07,764 [INFO] CodeEngine:289 - Generated code: C:\Users\penel\Documents\ENSEA\3eme\ACTIONNEUR\2526_ESE_AAA_PENELUHAKKI\software\Base\Core\Inc\main.h
2025-12-08 14:24:07,786 [INFO] CodeEngine:265 - oldGeneratedFile, C:\Users\penel\Documents\ENSEA\3eme\ACTIONNEUR\2526_ESE_AAA_PENELUHAKKI\software\Base\Core\Src\main.c_save
2025-12-08 14:24:08,041 [INFO] CodeEngine:289 - Generated code: C:\Users\penel\Documents\ENSEA\3eme\ACTIONNEUR\2526_ESE_AAA_PENELUHAKKI\software\Base\Core\Src\main.c
2025-12-08 14:24:09,261 [INFO] ProjectBuilder:3606 - Time for Copy HAL[1] : 595mS.
2025-12-08 14:24:09,276 [INFO] ProjectBuilder:5216 - Project Generator version: 4.7.0-B52
2025-12-08 14:24:09,516 [INFO] ConfigFileManager:1595 - The Die is : DIE469
2025-12-08 14:24:11,714 [INFO] ProjectBuilder:5496 - Time for Generating toolchain IDE Files: 2438mS.
2025-12-08 14:24:11,716 [INFO] ProjectBuilder:3463 - Time for Copy CMSIS : 1mS.
2025-12-08 14:24:11,732 [INFO] ProjectBuilder:3463 - Time for Copy CMSIS : 0mS.
2025-12-08 14:25:38,124 [INFO] NvicIntPanel:101 - NVIC parent = com.st.microxplorer.plugins.ip.nvic.MultiNvicIntPanel[,0,0,0x0,invalid,layout=javax.swing.BoxLayout,alignmentX=0.0,alignmentY=0.0,border=,flags=9,maximumSize=,minimumSize=,preferredSize=]
2025-12-08 14:25:40,502 [INFO] NvicIntPanel:101 - NVIC parent = com.st.microxplorer.plugins.ip.nvic.MultiNvicIntPanel[,0,0,0x0,invalid,layout=javax.swing.BoxLayout,alignmentX=0.0,alignmentY=0.0,border=,flags=9,maximumSize=,minimumSize=,preferredSize=]
2025-12-08 14:25:41,848 [INFO] NvicIntPanel:101 - NVIC parent = com.st.microxplorer.plugins.ip.nvic.MultiNvicIntPanel[,0,0,0x0,invalid,layout=javax.swing.BoxLayout,alignmentX=0.0,alignmentY=0.0,border=,flags=9,maximumSize=,minimumSize=,preferredSize=]
2025-12-08 14:25:43,047 [INFO] NvicIntPanel:101 - NVIC parent = com.st.microxplorer.plugins.ip.nvic.MultiNvicIntPanel[,0,0,0x0,invalid,layout=javax.swing.BoxLayout,alignmentX=0.0,alignmentY=0.0,border=,flags=9,maximumSize=,minimumSize=,preferredSize=]
2025-12-08 14:25:48,631 [INFO] NvicIntPanel:101 - NVIC parent = com.st.microxplorer.plugins.ip.nvic.MultiNvicIntPanel[,0,0,0x0,invalid,layout=javax.swing.BoxLayout,alignmentX=0.0,alignmentY=0.0,border=,flags=9,maximumSize=,minimumSize=,preferredSize=]
2025-12-08 14:26:02,296 [INFO] NvicIntPanel:101 - NVIC parent = com.st.microxplorer.plugins.ip.nvic.MultiNvicIntPanel[,0,0,0x0,invalid,layout=javax.swing.BoxLayout,alignmentX=0.0,alignmentY=0.0,border=,flags=9,maximumSize=,minimumSize=,preferredSize=]
2025-12-08 14:27:18,496 [INFO] UtilMem:75 - End SaveConfig() Used Memory: 410448416 Bytes (771751936)
2025-12-08 14:27:20,877 [INFO] UtilMem:75 - End SaveConfig() Used Memory: 515306016 Bytes (771751936)
2025-12-08 14:27:21,185 [INFO] BlockDiagram:2775 - set Specific Code input for plugin: TIM1_8G4
2025-12-08 14:27:21,185 [INFO] BlockDiagram:2775 - set Specific Code input for plugin: TIM1_8G4
2025-12-08 14:27:21,185 [INFO] BlockDiagram:2775 - set Specific Code input for plugin: ADC
2025-12-08 14:27:21,185 [INFO] BlockDiagram:2775 - set Specific Code input for plugin: SYS
2025-12-08 14:27:21,185 [INFO] BlockDiagram:2775 - set Specific Code input for plugin: ADC
2025-12-08 14:27:21,185 [INFO] BlockDiagram:2775 - set Specific Code input for plugin: RCC
2025-12-08 14:27:21,185 [INFO] BlockDiagram:2775 - set Specific Code input for plugin: NVIC
2025-12-08 14:27:21,186 [INFO] BlockDiagram:2775 - set Specific Code input for plugin: USART
2025-12-08 14:27:21,186 [INFO] BlockDiagram:2775 - set Specific Code input for plugin: USART
2025-12-08 14:27:21,187 [INFO] BlockDiagram:2775 - set Specific Code input for plugin: GPIO
2025-12-08 14:27:21,189 [INFO] CodeGenerator:892 - code generatio: config db path: C:\ST\STM32CubeIDE_1.16.1\STM32CubeIDE\plugins\com.st.stm32cube.common.mx_6.15.0.202507011659\\db\
2025-12-08 14:27:21,335 [INFO] CodeEngine:265 - oldGeneratedFile, C:\Users\penel\Documents\ENSEA\3eme\ACTIONNEUR\2526_ESE_AAA_PENELUHAKKI\software\Base\MXTmpFiles\license.tmp_save
2025-12-08 14:27:21,448 [INFO] CodeEngine:289 - Generated code: C:\Users\penel\Documents\ENSEA\3eme\ACTIONNEUR\2526_ESE_AAA_PENELUHAKKI\software\Base\MXTmpFiles\license.tmp
2025-12-08 14:27:21,526 [INFO] CodeEngine:265 - oldGeneratedFile, C:\Users\penel\Documents\ENSEA\3eme\ACTIONNEUR\2526_ESE_AAA_PENELUHAKKI\software\Base\Core\Src\gpio.c_save
2025-12-08 14:27:21,674 [INFO] CodeEngine:289 - Generated code: C:\Users\penel\Documents\ENSEA\3eme\ACTIONNEUR\2526_ESE_AAA_PENELUHAKKI\software\Base\Core\Src\gpio.c
2025-12-08 14:27:21,684 [INFO] CodeEngine:265 - oldGeneratedFile, C:\Users\penel\Documents\ENSEA\3eme\ACTIONNEUR\2526_ESE_AAA_PENELUHAKKI\software\Base\Core\Inc\gpio.h_save
2025-12-08 14:27:21,751 [INFO] CodeEngine:289 - Generated code: C:\Users\penel\Documents\ENSEA\3eme\ACTIONNEUR\2526_ESE_AAA_PENELUHAKKI\software\Base\Core\Inc\gpio.h
2025-12-08 14:27:22,350 [INFO] CodeEngine:265 - oldGeneratedFile, C:\Users\penel\Documents\ENSEA\3eme\ACTIONNEUR\2526_ESE_AAA_PENELUHAKKI\software\Base\Core\Src\adc.c_save
2025-12-08 14:27:22,582 [INFO] CodeEngine:289 - Generated code: C:\Users\penel\Documents\ENSEA\3eme\ACTIONNEUR\2526_ESE_AAA_PENELUHAKKI\software\Base\Core\Src\adc.c
2025-12-08 14:27:22,593 [INFO] CodeEngine:265 - oldGeneratedFile, C:\Users\penel\Documents\ENSEA\3eme\ACTIONNEUR\2526_ESE_AAA_PENELUHAKKI\software\Base\Core\Inc\adc.h_save
2025-12-08 14:27:22,665 [INFO] CodeEngine:289 - Generated code: C:\Users\penel\Documents\ENSEA\3eme\ACTIONNEUR\2526_ESE_AAA_PENELUHAKKI\software\Base\Core\Inc\adc.h
2025-12-08 14:27:22,683 [INFO] CodeEngine:265 - oldGeneratedFile, C:\Users\penel\Documents\ENSEA\3eme\ACTIONNEUR\2526_ESE_AAA_PENELUHAKKI\software\Base\Core\Src\tim.c_save
2025-12-08 14:27:22,886 [INFO] CodeEngine:289 - Generated code: C:\Users\penel\Documents\ENSEA\3eme\ACTIONNEUR\2526_ESE_AAA_PENELUHAKKI\software\Base\Core\Src\tim.c
2025-12-08 14:27:22,898 [INFO] CodeEngine:265 - oldGeneratedFile, C:\Users\penel\Documents\ENSEA\3eme\ACTIONNEUR\2526_ESE_AAA_PENELUHAKKI\software\Base\Core\Inc\tim.h_save
2025-12-08 14:27:22,968 [INFO] CodeEngine:289 - Generated code: C:\Users\penel\Documents\ENSEA\3eme\ACTIONNEUR\2526_ESE_AAA_PENELUHAKKI\software\Base\Core\Inc\tim.h
2025-12-08 14:27:22,985 [INFO] CodeEngine:265 - oldGeneratedFile, C:\Users\penel\Documents\ENSEA\3eme\ACTIONNEUR\2526_ESE_AAA_PENELUHAKKI\software\Base\Core\Src\usart.c_save
2025-12-08 14:27:23,145 [INFO] CodeEngine:289 - Generated code: C:\Users\penel\Documents\ENSEA\3eme\ACTIONNEUR\2526_ESE_AAA_PENELUHAKKI\software\Base\Core\Src\usart.c
2025-12-08 14:27:23,155 [INFO] CodeEngine:265 - oldGeneratedFile, C:\Users\penel\Documents\ENSEA\3eme\ACTIONNEUR\2526_ESE_AAA_PENELUHAKKI\software\Base\Core\Inc\usart.h_save
2025-12-08 14:27:23,250 [INFO] CodeEngine:289 - Generated code: C:\Users\penel\Documents\ENSEA\3eme\ACTIONNEUR\2526_ESE_AAA_PENELUHAKKI\software\Base\Core\Inc\usart.h
2025-12-08 14:27:23,275 [INFO] CodeEngine:265 - oldGeneratedFile, C:\Users\penel\Documents\ENSEA\3eme\ACTIONNEUR\2526_ESE_AAA_PENELUHAKKI\software\Base\Core\Src\stm32g4xx_it.c_save
2025-12-08 14:27:23,431 [INFO] CodeEngine:289 - Generated code: C:\Users\penel\Documents\ENSEA\3eme\ACTIONNEUR\2526_ESE_AAA_PENELUHAKKI\software\Base\Core\Src\stm32g4xx_it.c
2025-12-08 14:27:23,440 [INFO] CodeEngine:265 - oldGeneratedFile, C:\Users\penel\Documents\ENSEA\3eme\ACTIONNEUR\2526_ESE_AAA_PENELUHAKKI\software\Base\Core\Inc\stm32g4xx_it.h_save
2025-12-08 14:27:23,578 [INFO] CodeEngine:289 - Generated code: C:\Users\penel\Documents\ENSEA\3eme\ACTIONNEUR\2526_ESE_AAA_PENELUHAKKI\software\Base\Core\Inc\stm32g4xx_it.h
2025-12-08 14:27:23,607 [INFO] CodeEngine:265 - oldGeneratedFile, C:\Users\penel\Documents\ENSEA\3eme\ACTIONNEUR\2526_ESE_AAA_PENELUHAKKI\software\Base\Core\Src\stm32g4xx_hal_msp.c_save
2025-12-08 14:27:23,761 [INFO] CodeEngine:289 - Generated code: C:\Users\penel\Documents\ENSEA\3eme\ACTIONNEUR\2526_ESE_AAA_PENELUHAKKI\software\Base\Core\Src\stm32g4xx_hal_msp.c
2025-12-08 14:27:23,770 [INFO] CodeEngine:265 - oldGeneratedFile, C:\Users\penel\Documents\ENSEA\3eme\ACTIONNEUR\2526_ESE_AAA_PENELUHAKKI\software\Base\MXTmpFiles\system.tmp_save
2025-12-08 14:27:23,835 [INFO] CodeEngine:289 - Generated code: C:\Users\penel\Documents\ENSEA\3eme\ACTIONNEUR\2526_ESE_AAA_PENELUHAKKI\software\Base\MXTmpFiles\system.tmp
2025-12-08 14:27:23,846 [INFO] CodeEngine:265 - oldGeneratedFile, C:\Users\penel\Documents\ENSEA\3eme\ACTIONNEUR\2526_ESE_AAA_PENELUHAKKI\software\Base\Core\Src\stm32g4xx_hal_timebase_tim.c_save
2025-12-08 14:27:23,931 [INFO] CodeEngine:289 - Generated code: C:\Users\penel\Documents\ENSEA\3eme\ACTIONNEUR\2526_ESE_AAA_PENELUHAKKI\software\Base\Core\Src\stm32g4xx_hal_timebase_tim.c
2025-12-08 14:27:23,951 [INFO] CodeEngine:321 - oldGeneratedFile, C:\Users\penel\Documents\ENSEA\3eme\ACTIONNEUR\2526_ESE_AAA_PENELUHAKKI\software\Base\Core\Inc\stm32g4xx_hal_conf.h_save
2025-12-08 14:27:24,146 [INFO] CodeEngine:345 - Generated code: C:\Users\penel\Documents\ENSEA\3eme\ACTIONNEUR\2526_ESE_AAA_PENELUHAKKI\software\Base\Core\Inc\stm32g4xx_hal_conf.h
2025-12-08 14:27:24,190 [WARN] IPConfigManager:3238 - Warning: the RefConfig RCC_CommonPeriphClockConfig is not available in your config.xml file
2025-12-08 14:27:24,205 [INFO] CodeEngine:265 - oldGeneratedFile, C:\Users\penel\Documents\ENSEA\3eme\ACTIONNEUR\2526_ESE_AAA_PENELUHAKKI\software\Base\Core\Inc\main.h_save
2025-12-08 14:27:24,344 [INFO] CodeEngine:289 - Generated code: C:\Users\penel\Documents\ENSEA\3eme\ACTIONNEUR\2526_ESE_AAA_PENELUHAKKI\software\Base\Core\Inc\main.h
2025-12-08 14:27:24,354 [INFO] CodeEngine:265 - oldGeneratedFile, C:\Users\penel\Documents\ENSEA\3eme\ACTIONNEUR\2526_ESE_AAA_PENELUHAKKI\software\Base\Core\Src\main.c_save
2025-12-08 14:27:24,477 [INFO] CodeEngine:289 - Generated code: C:\Users\penel\Documents\ENSEA\3eme\ACTIONNEUR\2526_ESE_AAA_PENELUHAKKI\software\Base\Core\Src\main.c
2025-12-08 14:27:24,867 [INFO] ProjectBuilder:3606 - Time for Copy HAL[1] : 202mS.
2025-12-08 14:27:24,872 [INFO] ProjectBuilder:5216 - Project Generator version: 4.7.0-B52
2025-12-08 14:27:24,966 [INFO] ConfigFileManager:1595 - The Die is : DIE469
2025-12-08 14:27:26,084 [INFO] ProjectBuilder:5496 - Time for Generating toolchain IDE Files: 1211mS.
2025-12-08 14:27:26,086 [INFO] ProjectBuilder:3463 - Time for Copy CMSIS : 1mS.
2025-12-08 14:27:26,096 [INFO] ProjectBuilder:3463 - Time for Copy CMSIS : 0mS.
2025-12-08 14:28:15,345 [INFO] NvicIntPanel:101 - NVIC parent = com.st.microxplorer.plugins.ip.nvic.MultiNvicIntPanel[,0,0,0x0,invalid,layout=javax.swing.BoxLayout,alignmentX=0.0,alignmentY=0.0,border=,flags=9,maximumSize=,minimumSize=,preferredSize=]
2025-12-08 14:28:16,677 [INFO] NvicIntPanel:101 - NVIC parent = com.st.microxplorer.plugins.ip.nvic.MultiNvicIntPanel[,0,0,0x0,invalid,layout=javax.swing.BoxLayout,alignmentX=0.0,alignmentY=0.0,border=,flags=9,maximumSize=,minimumSize=,preferredSize=]
2025-12-08 14:28:33,625 [INFO] UtilMem:75 - End SaveConfig() Used Memory: 612094912 Bytes (771751936)
2025-12-08 14:28:34,956 [INFO] UtilMem:75 - End SaveConfig() Used Memory: 640932800 Bytes (771751936)
2025-12-08 14:28:44,750 [INFO] UtilMem:75 - End SaveConfig() Used Memory: 696507328 Bytes (771751936)
2025-12-08 14:28:45,096 [INFO] BlockDiagram:2775 - set Specific Code input for plugin: TIM1_8G4
2025-12-08 14:28:45,096 [INFO] BlockDiagram:2775 - set Specific Code input for plugin: TIM1_8G4
2025-12-08 14:28:45,096 [INFO] BlockDiagram:2775 - set Specific Code input for plugin: ADC
2025-12-08 14:28:45,096 [INFO] BlockDiagram:2775 - set Specific Code input for plugin: SYS
2025-12-08 14:28:45,096 [INFO] BlockDiagram:2775 - set Specific Code input for plugin: ADC
2025-12-08 14:28:45,096 [INFO] BlockDiagram:2775 - set Specific Code input for plugin: RCC
2025-12-08 14:28:45,096 [INFO] BlockDiagram:2775 - set Specific Code input for plugin: NVIC
2025-12-08 14:28:45,097 [INFO] BlockDiagram:2775 - set Specific Code input for plugin: USART
2025-12-08 14:28:45,097 [INFO] BlockDiagram:2775 - set Specific Code input for plugin: USART
2025-12-08 14:28:45,097 [INFO] BlockDiagram:2775 - set Specific Code input for plugin: GPIO
2025-12-08 14:28:45,099 [INFO] CodeGenerator:892 - code generatio: config db path: C:\ST\STM32CubeIDE_1.16.1\STM32CubeIDE\plugins\com.st.stm32cube.common.mx_6.15.0.202507011659\\db\
2025-12-08 14:28:45,306 [INFO] CodeEngine:265 - oldGeneratedFile, C:\Users\penel\Documents\ENSEA\3eme\ACTIONNEUR\2526_ESE_AAA_PENELUHAKKI\software\Base\MXTmpFiles\license.tmp_save
2025-12-08 14:28:45,437 [INFO] CodeEngine:289 - Generated code: C:\Users\penel\Documents\ENSEA\3eme\ACTIONNEUR\2526_ESE_AAA_PENELUHAKKI\software\Base\MXTmpFiles\license.tmp
2025-12-08 14:28:45,555 [INFO] CodeEngine:265 - oldGeneratedFile, C:\Users\penel\Documents\ENSEA\3eme\ACTIONNEUR\2526_ESE_AAA_PENELUHAKKI\software\Base\Core\Src\gpio.c_save
2025-12-08 14:28:45,698 [INFO] CodeEngine:289 - Generated code: C:\Users\penel\Documents\ENSEA\3eme\ACTIONNEUR\2526_ESE_AAA_PENELUHAKKI\software\Base\Core\Src\gpio.c
2025-12-08 14:28:45,709 [INFO] CodeEngine:265 - oldGeneratedFile, C:\Users\penel\Documents\ENSEA\3eme\ACTIONNEUR\2526_ESE_AAA_PENELUHAKKI\software\Base\Core\Inc\gpio.h_save
2025-12-08 14:28:45,777 [INFO] CodeEngine:289 - Generated code: C:\Users\penel\Documents\ENSEA\3eme\ACTIONNEUR\2526_ESE_AAA_PENELUHAKKI\software\Base\Core\Inc\gpio.h
2025-12-08 14:28:46,365 [INFO] CodeEngine:265 - oldGeneratedFile, C:\Users\penel\Documents\ENSEA\3eme\ACTIONNEUR\2526_ESE_AAA_PENELUHAKKI\software\Base\Core\Src\adc.c_save
2025-12-08 14:28:46,572 [INFO] CodeEngine:289 - Generated code: C:\Users\penel\Documents\ENSEA\3eme\ACTIONNEUR\2526_ESE_AAA_PENELUHAKKI\software\Base\Core\Src\adc.c
2025-12-08 14:28:46,584 [INFO] CodeEngine:265 - oldGeneratedFile, C:\Users\penel\Documents\ENSEA\3eme\ACTIONNEUR\2526_ESE_AAA_PENELUHAKKI\software\Base\Core\Inc\adc.h_save
2025-12-08 14:28:46,660 [INFO] CodeEngine:289 - Generated code: C:\Users\penel\Documents\ENSEA\3eme\ACTIONNEUR\2526_ESE_AAA_PENELUHAKKI\software\Base\Core\Inc\adc.h
2025-12-08 14:28:46,677 [INFO] CodeEngine:265 - oldGeneratedFile, C:\Users\penel\Documents\ENSEA\3eme\ACTIONNEUR\2526_ESE_AAA_PENELUHAKKI\software\Base\Core\Src\tim.c_save
2025-12-08 14:28:46,878 [INFO] CodeEngine:289 - Generated code: C:\Users\penel\Documents\ENSEA\3eme\ACTIONNEUR\2526_ESE_AAA_PENELUHAKKI\software\Base\Core\Src\tim.c
2025-12-08 14:28:46,890 [INFO] CodeEngine:265 - oldGeneratedFile, C:\Users\penel\Documents\ENSEA\3eme\ACTIONNEUR\2526_ESE_AAA_PENELUHAKKI\software\Base\Core\Inc\tim.h_save
2025-12-08 14:28:46,962 [INFO] CodeEngine:289 - Generated code: C:\Users\penel\Documents\ENSEA\3eme\ACTIONNEUR\2526_ESE_AAA_PENELUHAKKI\software\Base\Core\Inc\tim.h
2025-12-08 14:28:46,980 [INFO] CodeEngine:265 - oldGeneratedFile, C:\Users\penel\Documents\ENSEA\3eme\ACTIONNEUR\2526_ESE_AAA_PENELUHAKKI\software\Base\Core\Src\usart.c_save
2025-12-08 14:28:47,135 [INFO] CodeEngine:289 - Generated code: C:\Users\penel\Documents\ENSEA\3eme\ACTIONNEUR\2526_ESE_AAA_PENELUHAKKI\software\Base\Core\Src\usart.c
2025-12-08 14:28:47,145 [INFO] CodeEngine:265 - oldGeneratedFile, C:\Users\penel\Documents\ENSEA\3eme\ACTIONNEUR\2526_ESE_AAA_PENELUHAKKI\software\Base\Core\Inc\usart.h_save
2025-12-08 14:28:47,217 [INFO] CodeEngine:289 - Generated code: C:\Users\penel\Documents\ENSEA\3eme\ACTIONNEUR\2526_ESE_AAA_PENELUHAKKI\software\Base\Core\Inc\usart.h
2025-12-08 14:28:47,240 [INFO] CodeEngine:265 - oldGeneratedFile, C:\Users\penel\Documents\ENSEA\3eme\ACTIONNEUR\2526_ESE_AAA_PENELUHAKKI\software\Base\Core\Src\stm32g4xx_it.c_save
2025-12-08 14:28:47,389 [INFO] CodeEngine:289 - Generated code: C:\Users\penel\Documents\ENSEA\3eme\ACTIONNEUR\2526_ESE_AAA_PENELUHAKKI\software\Base\Core\Src\stm32g4xx_it.c
2025-12-08 14:28:47,400 [INFO] CodeEngine:265 - oldGeneratedFile, C:\Users\penel\Documents\ENSEA\3eme\ACTIONNEUR\2526_ESE_AAA_PENELUHAKKI\software\Base\Core\Inc\stm32g4xx_it.h_save
2025-12-08 14:28:47,466 [INFO] CodeEngine:289 - Generated code: C:\Users\penel\Documents\ENSEA\3eme\ACTIONNEUR\2526_ESE_AAA_PENELUHAKKI\software\Base\Core\Inc\stm32g4xx_it.h
2025-12-08 14:28:47,490 [INFO] CodeEngine:265 - oldGeneratedFile, C:\Users\penel\Documents\ENSEA\3eme\ACTIONNEUR\2526_ESE_AAA_PENELUHAKKI\software\Base\Core\Src\stm32g4xx_hal_msp.c_save
2025-12-08 14:28:47,645 [INFO] CodeEngine:289 - Generated code: C:\Users\penel\Documents\ENSEA\3eme\ACTIONNEUR\2526_ESE_AAA_PENELUHAKKI\software\Base\Core\Src\stm32g4xx_hal_msp.c
2025-12-08 14:28:47,651 [INFO] CodeEngine:265 - oldGeneratedFile, C:\Users\penel\Documents\ENSEA\3eme\ACTIONNEUR\2526_ESE_AAA_PENELUHAKKI\software\Base\MXTmpFiles\system.tmp_save
2025-12-08 14:28:47,712 [INFO] CodeEngine:289 - Generated code: C:\Users\penel\Documents\ENSEA\3eme\ACTIONNEUR\2526_ESE_AAA_PENELUHAKKI\software\Base\MXTmpFiles\system.tmp
2025-12-08 14:28:47,722 [INFO] CodeEngine:265 - oldGeneratedFile, C:\Users\penel\Documents\ENSEA\3eme\ACTIONNEUR\2526_ESE_AAA_PENELUHAKKI\software\Base\Core\Src\stm32g4xx_hal_timebase_tim.c_save
2025-12-08 14:28:47,806 [INFO] CodeEngine:289 - Generated code: C:\Users\penel\Documents\ENSEA\3eme\ACTIONNEUR\2526_ESE_AAA_PENELUHAKKI\software\Base\Core\Src\stm32g4xx_hal_timebase_tim.c
2025-12-08 14:28:47,823 [INFO] CodeEngine:321 - oldGeneratedFile, C:\Users\penel\Documents\ENSEA\3eme\ACTIONNEUR\2526_ESE_AAA_PENELUHAKKI\software\Base\Core\Inc\stm32g4xx_hal_conf.h_save
2025-12-08 14:28:48,002 [INFO] CodeEngine:345 - Generated code: C:\Users\penel\Documents\ENSEA\3eme\ACTIONNEUR\2526_ESE_AAA_PENELUHAKKI\software\Base\Core\Inc\stm32g4xx_hal_conf.h
2025-12-08 14:28:48,033 [WARN] IPConfigManager:3238 - Warning: the RefConfig RCC_CommonPeriphClockConfig is not available in your config.xml file
2025-12-08 14:28:48,048 [INFO] CodeEngine:265 - oldGeneratedFile, C:\Users\penel\Documents\ENSEA\3eme\ACTIONNEUR\2526_ESE_AAA_PENELUHAKKI\software\Base\Core\Inc\main.h_save
2025-12-08 14:28:48,193 [INFO] CodeEngine:289 - Generated code: C:\Users\penel\Documents\ENSEA\3eme\ACTIONNEUR\2526_ESE_AAA_PENELUHAKKI\software\Base\Core\Inc\main.h
2025-12-08 14:28:48,202 [INFO] CodeEngine:265 - oldGeneratedFile, C:\Users\penel\Documents\ENSEA\3eme\ACTIONNEUR\2526_ESE_AAA_PENELUHAKKI\software\Base\Core\Src\main.c_save
2025-12-08 14:28:48,312 [INFO] CodeEngine:289 - Generated code: C:\Users\penel\Documents\ENSEA\3eme\ACTIONNEUR\2526_ESE_AAA_PENELUHAKKI\software\Base\Core\Src\main.c
2025-12-08 14:28:48,732 [INFO] ProjectBuilder:3606 - Time for Copy HAL[1] : 214mS.
2025-12-08 14:28:48,737 [INFO] ProjectBuilder:5216 - Project Generator version: 4.7.0-B52
2025-12-08 14:28:48,856 [INFO] ConfigFileManager:1595 - The Die is : DIE469
2025-12-08 14:28:49,943 [INFO] ProjectBuilder:5496 - Time for Generating toolchain IDE Files: 1205mS.
2025-12-08 14:28:49,944 [INFO] ProjectBuilder:3463 - Time for Copy CMSIS : 1mS.
2025-12-08 14:28:49,956 [INFO] ProjectBuilder:3463 - Time for Copy CMSIS : 0mS.
2025-12-08 14:32:47,783 [INFO] NvicIntPanel:101 - NVIC parent = com.st.microxplorer.plugins.ip.nvic.MultiNvicIntPanel[,0,0,0x0,invalid,layout=javax.swing.BoxLayout,alignmentX=0.0,alignmentY=0.0,border=,flags=9,maximumSize=,minimumSize=,preferredSize=]
2025-12-08 14:32:49,559 [INFO] NvicIntPanel:101 - NVIC parent = com.st.microxplorer.plugins.ip.nvic.MultiNvicIntPanel[,0,0,0x0,invalid,layout=javax.swing.BoxLayout,alignmentX=0.0,alignmentY=0.0,border=,flags=9,maximumSize=,minimumSize=,preferredSize=]
2025-12-08 14:39:27,796 [INFO] NvicIntPanel:101 - NVIC parent = com.st.microxplorer.plugins.ip.nvic.MultiNvicIntPanel[,0,0,0x0,invalid,layout=javax.swing.BoxLayout,alignmentX=0.0,alignmentY=0.0,border=,flags=9,maximumSize=,minimumSize=,preferredSize=]
2025-12-08 14:41:19,709 [INFO] UtilMem:75 - End SaveConfig() Used Memory: 402653184 Bytes (772800512)
2025-12-08 14:41:20,914 [INFO] UtilMem:75 - End SaveConfig() Used Memory: 430964736 Bytes (772800512)
2025-12-08 14:41:22,556 [INFO] UtilMem:75 - End SaveConfig() Used Memory: 534773760 Bytes (772800512)
2025-12-08 14:41:22,878 [INFO] BlockDiagram:2775 - set Specific Code input for plugin: TIM1_8G4
2025-12-08 14:41:22,878 [INFO] BlockDiagram:2775 - set Specific Code input for plugin: TIM1_8G4
2025-12-08 14:41:22,878 [INFO] BlockDiagram:2775 - set Specific Code input for plugin: ADC
2025-12-08 14:41:22,878 [INFO] BlockDiagram:2775 - set Specific Code input for plugin: SYS
2025-12-08 14:41:22,878 [INFO] BlockDiagram:2775 - set Specific Code input for plugin: ADC
2025-12-08 14:41:22,878 [INFO] BlockDiagram:2775 - set Specific Code input for plugin: RCC
2025-12-08 14:41:22,878 [INFO] BlockDiagram:2775 - set Specific Code input for plugin: NVIC
2025-12-08 14:41:22,878 [INFO] BlockDiagram:2775 - set Specific Code input for plugin: USART
2025-12-08 14:41:22,878 [INFO] BlockDiagram:2775 - set Specific Code input for plugin: USART
2025-12-08 14:41:22,879 [INFO] BlockDiagram:2775 - set Specific Code input for plugin: GPIO
2025-12-08 14:41:22,880 [INFO] CodeGenerator:892 - code generatio: config db path: C:\ST\STM32CubeIDE_1.16.1\STM32CubeIDE\plugins\com.st.stm32cube.common.mx_6.15.0.202507011659\\db\
2025-12-08 14:41:23,023 [INFO] CodeEngine:265 - oldGeneratedFile, C:\Users\penel\Documents\ENSEA\3eme\ACTIONNEUR\2526_ESE_AAA_PENELUHAKKI\software\Base\MXTmpFiles\license.tmp_save
2025-12-08 14:41:23,157 [INFO] CodeEngine:289 - Generated code: C:\Users\penel\Documents\ENSEA\3eme\ACTIONNEUR\2526_ESE_AAA_PENELUHAKKI\software\Base\MXTmpFiles\license.tmp
2025-12-08 14:41:23,259 [INFO] CodeEngine:265 - oldGeneratedFile, C:\Users\penel\Documents\ENSEA\3eme\ACTIONNEUR\2526_ESE_AAA_PENELUHAKKI\software\Base\Core\Src\gpio.c_save
2025-12-08 14:41:23,400 [INFO] CodeEngine:289 - Generated code: C:\Users\penel\Documents\ENSEA\3eme\ACTIONNEUR\2526_ESE_AAA_PENELUHAKKI\software\Base\Core\Src\gpio.c
2025-12-08 14:41:23,410 [INFO] CodeEngine:265 - oldGeneratedFile, C:\Users\penel\Documents\ENSEA\3eme\ACTIONNEUR\2526_ESE_AAA_PENELUHAKKI\software\Base\Core\Inc\gpio.h_save
2025-12-08 14:41:23,474 [INFO] CodeEngine:289 - Generated code: C:\Users\penel\Documents\ENSEA\3eme\ACTIONNEUR\2526_ESE_AAA_PENELUHAKKI\software\Base\Core\Inc\gpio.h
2025-12-08 14:41:24,723 [INFO] CodeEngine:265 - oldGeneratedFile, C:\Users\penel\Documents\ENSEA\3eme\ACTIONNEUR\2526_ESE_AAA_PENELUHAKKI\software\Base\Core\Src\adc.c_save
2025-12-08 14:41:25,332 [INFO] CodeEngine:289 - Generated code: C:\Users\penel\Documents\ENSEA\3eme\ACTIONNEUR\2526_ESE_AAA_PENELUHAKKI\software\Base\Core\Src\adc.c
2025-12-08 14:41:25,355 [INFO] CodeEngine:265 - oldGeneratedFile, C:\Users\penel\Documents\ENSEA\3eme\ACTIONNEUR\2526_ESE_AAA_PENELUHAKKI\software\Base\Core\Inc\adc.h_save
2025-12-08 14:41:25,701 [INFO] CodeEngine:289 - Generated code: C:\Users\penel\Documents\ENSEA\3eme\ACTIONNEUR\2526_ESE_AAA_PENELUHAKKI\software\Base\Core\Inc\adc.h
2025-12-08 14:41:25,750 [INFO] CodeEngine:265 - oldGeneratedFile, C:\Users\penel\Documents\ENSEA\3eme\ACTIONNEUR\2526_ESE_AAA_PENELUHAKKI\software\Base\Core\Src\tim.c_save
2025-12-08 14:41:26,325 [INFO] CodeEngine:289 - Generated code: C:\Users\penel\Documents\ENSEA\3eme\ACTIONNEUR\2526_ESE_AAA_PENELUHAKKI\software\Base\Core\Src\tim.c
2025-12-08 14:41:26,345 [INFO] CodeEngine:265 - oldGeneratedFile, C:\Users\penel\Documents\ENSEA\3eme\ACTIONNEUR\2526_ESE_AAA_PENELUHAKKI\software\Base\Core\Inc\tim.h_save
2025-12-08 14:41:26,568 [INFO] CodeEngine:289 - Generated code: C:\Users\penel\Documents\ENSEA\3eme\ACTIONNEUR\2526_ESE_AAA_PENELUHAKKI\software\Base\Core\Inc\tim.h
2025-12-08 14:41:26,604 [INFO] CodeEngine:265 - oldGeneratedFile, C:\Users\penel\Documents\ENSEA\3eme\ACTIONNEUR\2526_ESE_AAA_PENELUHAKKI\software\Base\Core\Src\usart.c_save
2025-12-08 14:41:26,904 [INFO] CodeEngine:289 - Generated code: C:\Users\penel\Documents\ENSEA\3eme\ACTIONNEUR\2526_ESE_AAA_PENELUHAKKI\software\Base\Core\Src\usart.c
2025-12-08 14:41:26,912 [INFO] CodeEngine:265 - oldGeneratedFile, C:\Users\penel\Documents\ENSEA\3eme\ACTIONNEUR\2526_ESE_AAA_PENELUHAKKI\software\Base\Core\Inc\usart.h_save
2025-12-08 14:41:27,049 [INFO] CodeEngine:289 - Generated code: C:\Users\penel\Documents\ENSEA\3eme\ACTIONNEUR\2526_ESE_AAA_PENELUHAKKI\software\Base\Core\Inc\usart.h
2025-12-08 14:41:27,116 [INFO] CodeEngine:265 - oldGeneratedFile, C:\Users\penel\Documents\ENSEA\3eme\ACTIONNEUR\2526_ESE_AAA_PENELUHAKKI\software\Base\Core\Src\stm32g4xx_it.c_save
2025-12-08 14:41:27,493 [INFO] CodeEngine:289 - Generated code: C:\Users\penel\Documents\ENSEA\3eme\ACTIONNEUR\2526_ESE_AAA_PENELUHAKKI\software\Base\Core\Src\stm32g4xx_it.c
2025-12-08 14:41:27,515 [INFO] CodeEngine:265 - oldGeneratedFile, C:\Users\penel\Documents\ENSEA\3eme\ACTIONNEUR\2526_ESE_AAA_PENELUHAKKI\software\Base\Core\Inc\stm32g4xx_it.h_save
2025-12-08 14:41:27,691 [INFO] CodeEngine:289 - Generated code: C:\Users\penel\Documents\ENSEA\3eme\ACTIONNEUR\2526_ESE_AAA_PENELUHAKKI\software\Base\Core\Inc\stm32g4xx_it.h
2025-12-08 14:41:27,745 [INFO] CodeEngine:265 - oldGeneratedFile, C:\Users\penel\Documents\ENSEA\3eme\ACTIONNEUR\2526_ESE_AAA_PENELUHAKKI\software\Base\Core\Src\stm32g4xx_hal_msp.c_save
2025-12-08 14:41:28,206 [INFO] CodeEngine:289 - Generated code: C:\Users\penel\Documents\ENSEA\3eme\ACTIONNEUR\2526_ESE_AAA_PENELUHAKKI\software\Base\Core\Src\stm32g4xx_hal_msp.c
2025-12-08 14:41:28,230 [INFO] CodeEngine:265 - oldGeneratedFile, C:\Users\penel\Documents\ENSEA\3eme\ACTIONNEUR\2526_ESE_AAA_PENELUHAKKI\software\Base\MXTmpFiles\system.tmp_save
2025-12-08 14:41:28,416 [INFO] CodeEngine:289 - Generated code: C:\Users\penel\Documents\ENSEA\3eme\ACTIONNEUR\2526_ESE_AAA_PENELUHAKKI\software\Base\MXTmpFiles\system.tmp
2025-12-08 14:41:28,436 [INFO] CodeEngine:265 - oldGeneratedFile, C:\Users\penel\Documents\ENSEA\3eme\ACTIONNEUR\2526_ESE_AAA_PENELUHAKKI\software\Base\Core\Src\stm32g4xx_hal_timebase_tim.c_save
2025-12-08 14:41:28,619 [INFO] CodeEngine:289 - Generated code: C:\Users\penel\Documents\ENSEA\3eme\ACTIONNEUR\2526_ESE_AAA_PENELUHAKKI\software\Base\Core\Src\stm32g4xx_hal_timebase_tim.c
2025-12-08 14:41:28,657 [INFO] CodeEngine:321 - oldGeneratedFile, C:\Users\penel\Documents\ENSEA\3eme\ACTIONNEUR\2526_ESE_AAA_PENELUHAKKI\software\Base\Core\Inc\stm32g4xx_hal_conf.h_save
2025-12-08 14:41:29,030 [INFO] CodeEngine:345 - Generated code: C:\Users\penel\Documents\ENSEA\3eme\ACTIONNEUR\2526_ESE_AAA_PENELUHAKKI\software\Base\Core\Inc\stm32g4xx_hal_conf.h
2025-12-08 14:41:29,087 [WARN] IPConfigManager:3238 - Warning: the RefConfig RCC_CommonPeriphClockConfig is not available in your config.xml file
2025-12-08 14:41:29,119 [INFO] CodeEngine:265 - oldGeneratedFile, C:\Users\penel\Documents\ENSEA\3eme\ACTIONNEUR\2526_ESE_AAA_PENELUHAKKI\software\Base\Core\Inc\main.h_save
2025-12-08 14:41:29,417 [INFO] CodeEngine:289 - Generated code: C:\Users\penel\Documents\ENSEA\3eme\ACTIONNEUR\2526_ESE_AAA_PENELUHAKKI\software\Base\Core\Inc\main.h
2025-12-08 14:41:29,444 [INFO] CodeEngine:265 - oldGeneratedFile, C:\Users\penel\Documents\ENSEA\3eme\ACTIONNEUR\2526_ESE_AAA_PENELUHAKKI\software\Base\Core\Src\main.c_save
2025-12-08 14:41:29,699 [INFO] CodeEngine:289 - Generated code: C:\Users\penel\Documents\ENSEA\3eme\ACTIONNEUR\2526_ESE_AAA_PENELUHAKKI\software\Base\Core\Src\main.c
2025-12-08 14:41:30,891 [INFO] ProjectBuilder:3606 - Time for Copy HAL[1] : 562mS.
2025-12-08 14:41:30,899 [INFO] ProjectBuilder:5216 - Project Generator version: 4.7.0-B52
2025-12-08 14:41:31,138 [INFO] ConfigFileManager:1595 - The Die is : DIE469
2025-12-08 14:41:34,071 [INFO] ProjectBuilder:5496 - Time for Generating toolchain IDE Files: 3172mS.
2025-12-08 14:41:34,073 [INFO] ProjectBuilder:3463 - Time for Copy CMSIS : 0mS.
2025-12-08 14:41:34,098 [INFO] ProjectBuilder:3463 - Time for Copy CMSIS : 0mS.
2025-12-08 15:12:57,798 [INFO] UtilMem:75 - End SaveConfig() Used Memory: 764800696 Bytes (1066401792)
2025-12-08 15:12:58,230 [INFO] BlockDiagram:2775 - set Specific Code input for plugin: TIM1_8G4
2025-12-08 15:12:58,230 [INFO] BlockDiagram:2775 - set Specific Code input for plugin: TIM1_8G4
2025-12-08 15:12:58,231 [INFO] BlockDiagram:2775 - set Specific Code input for plugin: ADC
2025-12-08 15:12:58,231 [INFO] BlockDiagram:2775 - set Specific Code input for plugin: SYS
2025-12-08 15:12:58,232 [INFO] BlockDiagram:2775 - set Specific Code input for plugin: ADC
2025-12-08 15:12:58,232 [INFO] BlockDiagram:2775 - set Specific Code input for plugin: RCC
2025-12-08 15:12:58,232 [INFO] BlockDiagram:2775 - set Specific Code input for plugin: NVIC
2025-12-08 15:12:58,232 [INFO] BlockDiagram:2775 - set Specific Code input for plugin: USART
2025-12-08 15:12:58,232 [INFO] BlockDiagram:2775 - set Specific Code input for plugin: USART
2025-12-08 15:12:58,235 [INFO] BlockDiagram:2775 - set Specific Code input for plugin: GPIO
2025-12-08 15:12:58,237 [INFO] CodeGenerator:892 - code generatio: config db path: C:\ST\STM32CubeIDE_1.16.1\STM32CubeIDE\plugins\com.st.stm32cube.common.mx_6.15.0.202507011659\\db\
2025-12-08 15:12:58,475 [INFO] CodeEngine:265 - oldGeneratedFile, C:\Users\penel\Documents\ENSEA\3eme\ACTIONNEUR\2526_ESE_AAA_PENELUHAKKI\software\Base\MXTmpFiles\license.tmp_save
2025-12-08 15:12:58,662 [INFO] CodeEngine:289 - Generated code: C:\Users\penel\Documents\ENSEA\3eme\ACTIONNEUR\2526_ESE_AAA_PENELUHAKKI\software\Base\MXTmpFiles\license.tmp
2025-12-08 15:12:58,839 [INFO] CodeEngine:265 - oldGeneratedFile, C:\Users\penel\Documents\ENSEA\3eme\ACTIONNEUR\2526_ESE_AAA_PENELUHAKKI\software\Base\Core\Src\gpio.c_save
2025-12-08 15:12:59,038 [INFO] CodeEngine:289 - Generated code: C:\Users\penel\Documents\ENSEA\3eme\ACTIONNEUR\2526_ESE_AAA_PENELUHAKKI\software\Base\Core\Src\gpio.c
2025-12-08 15:12:59,050 [INFO] CodeEngine:265 - oldGeneratedFile, C:\Users\penel\Documents\ENSEA\3eme\ACTIONNEUR\2526_ESE_AAA_PENELUHAKKI\software\Base\Core\Inc\gpio.h_save
2025-12-08 15:12:59,142 [INFO] CodeEngine:289 - Generated code: C:\Users\penel\Documents\ENSEA\3eme\ACTIONNEUR\2526_ESE_AAA_PENELUHAKKI\software\Base\Core\Inc\gpio.h
2025-12-08 15:13:00,001 [INFO] CodeEngine:265 - oldGeneratedFile, C:\Users\penel\Documents\ENSEA\3eme\ACTIONNEUR\2526_ESE_AAA_PENELUHAKKI\software\Base\Core\Src\adc.c_save
2025-12-08 15:13:00,278 [INFO] CodeEngine:289 - Generated code: C:\Users\penel\Documents\ENSEA\3eme\ACTIONNEUR\2526_ESE_AAA_PENELUHAKKI\software\Base\Core\Src\adc.c
2025-12-08 15:13:00,292 [INFO] CodeEngine:265 - oldGeneratedFile, C:\Users\penel\Documents\ENSEA\3eme\ACTIONNEUR\2526_ESE_AAA_PENELUHAKKI\software\Base\Core\Inc\adc.h_save
2025-12-08 15:13:00,374 [INFO] CodeEngine:289 - Generated code: C:\Users\penel\Documents\ENSEA\3eme\ACTIONNEUR\2526_ESE_AAA_PENELUHAKKI\software\Base\Core\Inc\adc.h
2025-12-08 15:13:00,395 [INFO] CodeEngine:265 - oldGeneratedFile, C:\Users\penel\Documents\ENSEA\3eme\ACTIONNEUR\2526_ESE_AAA_PENELUHAKKI\software\Base\Core\Src\tim.c_save
2025-12-08 15:13:00,613 [INFO] CodeEngine:289 - Generated code: C:\Users\penel\Documents\ENSEA\3eme\ACTIONNEUR\2526_ESE_AAA_PENELUHAKKI\software\Base\Core\Src\tim.c
2025-12-08 15:13:00,627 [INFO] CodeEngine:265 - oldGeneratedFile, C:\Users\penel\Documents\ENSEA\3eme\ACTIONNEUR\2526_ESE_AAA_PENELUHAKKI\software\Base\Core\Inc\tim.h_save
2025-12-08 15:13:00,701 [INFO] CodeEngine:289 - Generated code: C:\Users\penel\Documents\ENSEA\3eme\ACTIONNEUR\2526_ESE_AAA_PENELUHAKKI\software\Base\Core\Inc\tim.h
2025-12-08 15:13:00,731 [INFO] CodeEngine:265 - oldGeneratedFile, C:\Users\penel\Documents\ENSEA\3eme\ACTIONNEUR\2526_ESE_AAA_PENELUHAKKI\software\Base\Core\Src\usart.c_save
2025-12-08 15:13:00,894 [INFO] CodeEngine:289 - Generated code: C:\Users\penel\Documents\ENSEA\3eme\ACTIONNEUR\2526_ESE_AAA_PENELUHAKKI\software\Base\Core\Src\usart.c
2025-12-08 15:13:00,904 [INFO] CodeEngine:265 - oldGeneratedFile, C:\Users\penel\Documents\ENSEA\3eme\ACTIONNEUR\2526_ESE_AAA_PENELUHAKKI\software\Base\Core\Inc\usart.h_save
2025-12-08 15:13:00,972 [INFO] CodeEngine:289 - Generated code: C:\Users\penel\Documents\ENSEA\3eme\ACTIONNEUR\2526_ESE_AAA_PENELUHAKKI\software\Base\Core\Inc\usart.h
2025-12-08 15:13:00,996 [INFO] CodeEngine:265 - oldGeneratedFile, C:\Users\penel\Documents\ENSEA\3eme\ACTIONNEUR\2526_ESE_AAA_PENELUHAKKI\software\Base\Core\Src\stm32g4xx_it.c_save
2025-12-08 15:13:01,280 [INFO] CodeEngine:289 - Generated code: C:\Users\penel\Documents\ENSEA\3eme\ACTIONNEUR\2526_ESE_AAA_PENELUHAKKI\software\Base\Core\Src\stm32g4xx_it.c
2025-12-08 15:13:01,290 [INFO] CodeEngine:265 - oldGeneratedFile, C:\Users\penel\Documents\ENSEA\3eme\ACTIONNEUR\2526_ESE_AAA_PENELUHAKKI\software\Base\Core\Inc\stm32g4xx_it.h_save
2025-12-08 15:13:01,359 [INFO] CodeEngine:289 - Generated code: C:\Users\penel\Documents\ENSEA\3eme\ACTIONNEUR\2526_ESE_AAA_PENELUHAKKI\software\Base\Core\Inc\stm32g4xx_it.h
2025-12-08 15:13:01,382 [INFO] CodeEngine:265 - oldGeneratedFile, C:\Users\penel\Documents\ENSEA\3eme\ACTIONNEUR\2526_ESE_AAA_PENELUHAKKI\software\Base\Core\Src\stm32g4xx_hal_msp.c_save
2025-12-08 15:13:01,534 [INFO] CodeEngine:289 - Generated code: C:\Users\penel\Documents\ENSEA\3eme\ACTIONNEUR\2526_ESE_AAA_PENELUHAKKI\software\Base\Core\Src\stm32g4xx_hal_msp.c
2025-12-08 15:13:01,542 [INFO] CodeEngine:265 - oldGeneratedFile, C:\Users\penel\Documents\ENSEA\3eme\ACTIONNEUR\2526_ESE_AAA_PENELUHAKKI\software\Base\MXTmpFiles\system.tmp_save
2025-12-08 15:13:01,602 [INFO] CodeEngine:289 - Generated code: C:\Users\penel\Documents\ENSEA\3eme\ACTIONNEUR\2526_ESE_AAA_PENELUHAKKI\software\Base\MXTmpFiles\system.tmp
2025-12-08 15:13:01,615 [INFO] CodeEngine:265 - oldGeneratedFile, C:\Users\penel\Documents\ENSEA\3eme\ACTIONNEUR\2526_ESE_AAA_PENELUHAKKI\software\Base\Core\Src\stm32g4xx_hal_timebase_tim.c_save
2025-12-08 15:13:01,707 [INFO] CodeEngine:289 - Generated code: C:\Users\penel\Documents\ENSEA\3eme\ACTIONNEUR\2526_ESE_AAA_PENELUHAKKI\software\Base\Core\Src\stm32g4xx_hal_timebase_tim.c
2025-12-08 15:13:01,726 [INFO] CodeEngine:321 - oldGeneratedFile, C:\Users\penel\Documents\ENSEA\3eme\ACTIONNEUR\2526_ESE_AAA_PENELUHAKKI\software\Base\Core\Inc\stm32g4xx_hal_conf.h_save
2025-12-08 15:13:01,906 [INFO] CodeEngine:345 - Generated code: C:\Users\penel\Documents\ENSEA\3eme\ACTIONNEUR\2526_ESE_AAA_PENELUHAKKI\software\Base\Core\Inc\stm32g4xx_hal_conf.h
2025-12-08 15:13:01,938 [WARN] IPConfigManager:3238 - Warning: the RefConfig RCC_CommonPeriphClockConfig is not available in your config.xml file
2025-12-08 15:13:01,952 [INFO] CodeEngine:265 - oldGeneratedFile, C:\Users\penel\Documents\ENSEA\3eme\ACTIONNEUR\2526_ESE_AAA_PENELUHAKKI\software\Base\Core\Inc\main.h_save
2025-12-08 15:13:02,100 [INFO] CodeEngine:289 - Generated code: C:\Users\penel\Documents\ENSEA\3eme\ACTIONNEUR\2526_ESE_AAA_PENELUHAKKI\software\Base\Core\Inc\main.h
2025-12-08 15:13:02,110 [INFO] CodeEngine:265 - oldGeneratedFile, C:\Users\penel\Documents\ENSEA\3eme\ACTIONNEUR\2526_ESE_AAA_PENELUHAKKI\software\Base\Core\Src\main.c_save
2025-12-08 15:13:02,226 [INFO] CodeEngine:289 - Generated code: C:\Users\penel\Documents\ENSEA\3eme\ACTIONNEUR\2526_ESE_AAA_PENELUHAKKI\software\Base\Core\Src\main.c
2025-12-08 15:13:02,731 [INFO] ProjectBuilder:3606 - Time for Copy HAL[1] : 254mS.
2025-12-08 15:13:02,736 [INFO] ProjectBuilder:5216 - Project Generator version: 4.7.0-B52
2025-12-08 15:13:02,831 [INFO] ConfigFileManager:1595 - The Die is : DIE469
2025-12-08 15:13:03,879 [INFO] ProjectBuilder:5496 - Time for Generating toolchain IDE Files: 1143mS.
2025-12-08 15:13:03,880 [INFO] ProjectBuilder:3463 - Time for Copy CMSIS : 1mS.
2025-12-08 15:13:03,894 [INFO] ProjectBuilder:3463 - Time for Copy CMSIS : 0mS.
2025-12-08 15:14:05,767 [INFO] NvicIntPanel:101 - NVIC parent = com.st.microxplorer.plugins.ip.nvic.MultiNvicIntPanel[,0,0,0x0,invalid,layout=javax.swing.BoxLayout,alignmentX=0.0,alignmentY=0.0,border=,flags=9,maximumSize=,minimumSize=,preferredSize=]
2025-12-08 15:14:44,620 [INFO] UtilMem:75 - End SaveConfig() Used Memory: 408542592 Bytes (1066401792)
2025-12-08 15:14:46,571 [INFO] UtilMem:75 - End SaveConfig() Used Memory: 514448768 Bytes (1066401792)
2025-12-08 15:14:46,920 [INFO] BlockDiagram:2775 - set Specific Code input for plugin: TIM1_8G4
2025-12-08 15:14:46,920 [INFO] BlockDiagram:2775 - set Specific Code input for plugin: TIM1_8G4
2025-12-08 15:14:46,921 [INFO] BlockDiagram:2775 - set Specific Code input for plugin: ADC
2025-12-08 15:14:46,921 [INFO] BlockDiagram:2775 - set Specific Code input for plugin: SYS
2025-12-08 15:14:46,921 [INFO] BlockDiagram:2775 - set Specific Code input for plugin: ADC
2025-12-08 15:14:46,921 [INFO] BlockDiagram:2775 - set Specific Code input for plugin: RCC
2025-12-08 15:14:46,922 [INFO] BlockDiagram:2775 - set Specific Code input for plugin: NVIC
2025-12-08 15:14:46,922 [INFO] BlockDiagram:2775 - set Specific Code input for plugin: USART
2025-12-08 15:14:46,922 [INFO] BlockDiagram:2775 - set Specific Code input for plugin: USART
2025-12-08 15:14:46,922 [INFO] BlockDiagram:2775 - set Specific Code input for plugin: GPIO
2025-12-08 15:14:46,924 [INFO] CodeGenerator:892 - code generatio: config db path: C:\ST\STM32CubeIDE_1.16.1\STM32CubeIDE\plugins\com.st.stm32cube.common.mx_6.15.0.202507011659\\db\
2025-12-08 15:14:47,137 [INFO] CodeEngine:265 - oldGeneratedFile, C:\Users\penel\Documents\ENSEA\3eme\ACTIONNEUR\2526_ESE_AAA_PENELUHAKKI\software\Base\MXTmpFiles\license.tmp_save
2025-12-08 15:14:47,255 [INFO] CodeEngine:289 - Generated code: C:\Users\penel\Documents\ENSEA\3eme\ACTIONNEUR\2526_ESE_AAA_PENELUHAKKI\software\Base\MXTmpFiles\license.tmp
2025-12-08 15:14:47,341 [INFO] CodeEngine:265 - oldGeneratedFile, C:\Users\penel\Documents\ENSEA\3eme\ACTIONNEUR\2526_ESE_AAA_PENELUHAKKI\software\Base\Core\Src\gpio.c_save
2025-12-08 15:14:47,489 [INFO] CodeEngine:289 - Generated code: C:\Users\penel\Documents\ENSEA\3eme\ACTIONNEUR\2526_ESE_AAA_PENELUHAKKI\software\Base\Core\Src\gpio.c
2025-12-08 15:14:47,498 [INFO] CodeEngine:265 - oldGeneratedFile, C:\Users\penel\Documents\ENSEA\3eme\ACTIONNEUR\2526_ESE_AAA_PENELUHAKKI\software\Base\Core\Inc\gpio.h_save
2025-12-08 15:14:47,572 [INFO] CodeEngine:289 - Generated code: C:\Users\penel\Documents\ENSEA\3eme\ACTIONNEUR\2526_ESE_AAA_PENELUHAKKI\software\Base\Core\Inc\gpio.h
2025-12-08 15:14:48,168 [INFO] CodeEngine:265 - oldGeneratedFile, C:\Users\penel\Documents\ENSEA\3eme\ACTIONNEUR\2526_ESE_AAA_PENELUHAKKI\software\Base\Core\Src\adc.c_save
2025-12-08 15:14:48,370 [INFO] CodeEngine:289 - Generated code: C:\Users\penel\Documents\ENSEA\3eme\ACTIONNEUR\2526_ESE_AAA_PENELUHAKKI\software\Base\Core\Src\adc.c
2025-12-08 15:14:48,379 [INFO] CodeEngine:265 - oldGeneratedFile, C:\Users\penel\Documents\ENSEA\3eme\ACTIONNEUR\2526_ESE_AAA_PENELUHAKKI\software\Base\Core\Inc\adc.h_save
2025-12-08 15:14:48,447 [INFO] CodeEngine:289 - Generated code: C:\Users\penel\Documents\ENSEA\3eme\ACTIONNEUR\2526_ESE_AAA_PENELUHAKKI\software\Base\Core\Inc\adc.h
2025-12-08 15:14:48,466 [INFO] CodeEngine:265 - oldGeneratedFile, C:\Users\penel\Documents\ENSEA\3eme\ACTIONNEUR\2526_ESE_AAA_PENELUHAKKI\software\Base\Core\Src\tim.c_save
2025-12-08 15:14:48,671 [INFO] CodeEngine:289 - Generated code: C:\Users\penel\Documents\ENSEA\3eme\ACTIONNEUR\2526_ESE_AAA_PENELUHAKKI\software\Base\Core\Src\tim.c
2025-12-08 15:14:48,692 [INFO] CodeEngine:265 - oldGeneratedFile, C:\Users\penel\Documents\ENSEA\3eme\ACTIONNEUR\2526_ESE_AAA_PENELUHAKKI\software\Base\Core\Inc\tim.h_save
2025-12-08 15:14:48,760 [INFO] CodeEngine:289 - Generated code: C:\Users\penel\Documents\ENSEA\3eme\ACTIONNEUR\2526_ESE_AAA_PENELUHAKKI\software\Base\Core\Inc\tim.h
2025-12-08 15:14:48,778 [INFO] CodeEngine:265 - oldGeneratedFile, C:\Users\penel\Documents\ENSEA\3eme\ACTIONNEUR\2526_ESE_AAA_PENELUHAKKI\software\Base\Core\Src\usart.c_save
2025-12-08 15:14:48,931 [INFO] CodeEngine:289 - Generated code: C:\Users\penel\Documents\ENSEA\3eme\ACTIONNEUR\2526_ESE_AAA_PENELUHAKKI\software\Base\Core\Src\usart.c
2025-12-08 15:14:48,940 [INFO] CodeEngine:265 - oldGeneratedFile, C:\Users\penel\Documents\ENSEA\3eme\ACTIONNEUR\2526_ESE_AAA_PENELUHAKKI\software\Base\Core\Inc\usart.h_save
2025-12-08 15:14:49,008 [INFO] CodeEngine:289 - Generated code: C:\Users\penel\Documents\ENSEA\3eme\ACTIONNEUR\2526_ESE_AAA_PENELUHAKKI\software\Base\Core\Inc\usart.h
2025-12-08 15:14:49,032 [INFO] CodeEngine:265 - oldGeneratedFile, C:\Users\penel\Documents\ENSEA\3eme\ACTIONNEUR\2526_ESE_AAA_PENELUHAKKI\software\Base\Core\Src\stm32g4xx_it.c_save
2025-12-08 15:14:49,212 [INFO] CodeEngine:289 - Generated code: C:\Users\penel\Documents\ENSEA\3eme\ACTIONNEUR\2526_ESE_AAA_PENELUHAKKI\software\Base\Core\Src\stm32g4xx_it.c
2025-12-08 15:14:49,222 [INFO] CodeEngine:265 - oldGeneratedFile, C:\Users\penel\Documents\ENSEA\3eme\ACTIONNEUR\2526_ESE_AAA_PENELUHAKKI\software\Base\Core\Inc\stm32g4xx_it.h_save
2025-12-08 15:14:49,294 [INFO] CodeEngine:289 - Generated code: C:\Users\penel\Documents\ENSEA\3eme\ACTIONNEUR\2526_ESE_AAA_PENELUHAKKI\software\Base\Core\Inc\stm32g4xx_it.h
2025-12-08 15:14:49,333 [INFO] CodeEngine:265 - oldGeneratedFile, C:\Users\penel\Documents\ENSEA\3eme\ACTIONNEUR\2526_ESE_AAA_PENELUHAKKI\software\Base\Core\Src\stm32g4xx_hal_msp.c_save
2025-12-08 15:14:49,521 [INFO] CodeEngine:289 - Generated code: C:\Users\penel\Documents\ENSEA\3eme\ACTIONNEUR\2526_ESE_AAA_PENELUHAKKI\software\Base\Core\Src\stm32g4xx_hal_msp.c
2025-12-08 15:14:49,529 [INFO] CodeEngine:265 - oldGeneratedFile, C:\Users\penel\Documents\ENSEA\3eme\ACTIONNEUR\2526_ESE_AAA_PENELUHAKKI\software\Base\MXTmpFiles\system.tmp_save
2025-12-08 15:14:49,587 [INFO] CodeEngine:289 - Generated code: C:\Users\penel\Documents\ENSEA\3eme\ACTIONNEUR\2526_ESE_AAA_PENELUHAKKI\software\Base\MXTmpFiles\system.tmp
2025-12-08 15:14:49,599 [INFO] CodeEngine:265 - oldGeneratedFile, C:\Users\penel\Documents\ENSEA\3eme\ACTIONNEUR\2526_ESE_AAA_PENELUHAKKI\software\Base\Core\Src\stm32g4xx_hal_timebase_tim.c_save
2025-12-08 15:14:49,680 [INFO] CodeEngine:289 - Generated code: C:\Users\penel\Documents\ENSEA\3eme\ACTIONNEUR\2526_ESE_AAA_PENELUHAKKI\software\Base\Core\Src\stm32g4xx_hal_timebase_tim.c
2025-12-08 15:14:49,697 [INFO] CodeEngine:321 - oldGeneratedFile, C:\Users\penel\Documents\ENSEA\3eme\ACTIONNEUR\2526_ESE_AAA_PENELUHAKKI\software\Base\Core\Inc\stm32g4xx_hal_conf.h_save
2025-12-08 15:14:49,864 [INFO] CodeEngine:345 - Generated code: C:\Users\penel\Documents\ENSEA\3eme\ACTIONNEUR\2526_ESE_AAA_PENELUHAKKI\software\Base\Core\Inc\stm32g4xx_hal_conf.h
2025-12-08 15:14:49,895 [WARN] IPConfigManager:3238 - Warning: the RefConfig RCC_CommonPeriphClockConfig is not available in your config.xml file
2025-12-08 15:14:49,911 [INFO] CodeEngine:265 - oldGeneratedFile, C:\Users\penel\Documents\ENSEA\3eme\ACTIONNEUR\2526_ESE_AAA_PENELUHAKKI\software\Base\Core\Inc\main.h_save
2025-12-08 15:14:50,048 [INFO] CodeEngine:289 - Generated code: C:\Users\penel\Documents\ENSEA\3eme\ACTIONNEUR\2526_ESE_AAA_PENELUHAKKI\software\Base\Core\Inc\main.h
2025-12-08 15:14:50,060 [INFO] CodeEngine:265 - oldGeneratedFile, C:\Users\penel\Documents\ENSEA\3eme\ACTIONNEUR\2526_ESE_AAA_PENELUHAKKI\software\Base\Core\Src\main.c_save
2025-12-08 15:14:50,169 [INFO] CodeEngine:289 - Generated code: C:\Users\penel\Documents\ENSEA\3eme\ACTIONNEUR\2526_ESE_AAA_PENELUHAKKI\software\Base\Core\Src\main.c
2025-12-08 15:14:50,548 [INFO] ProjectBuilder:3606 - Time for Copy HAL[1] : 195mS.
2025-12-08 15:14:50,552 [INFO] ProjectBuilder:5216 - Project Generator version: 4.7.0-B52
2025-12-08 15:14:50,643 [INFO] ConfigFileManager:1595 - The Die is : DIE469
2025-12-08 15:14:51,856 [INFO] ProjectBuilder:5496 - Time for Generating toolchain IDE Files: 1304mS.
2025-12-08 15:14:51,858 [INFO] ProjectBuilder:3463 - Time for Copy CMSIS : 0mS.
2025-12-08 15:14:51,868 [INFO] ProjectBuilder:3463 - Time for Copy CMSIS : 0mS.
